id,N,D,C,I,K,P,S,APAAC3,APAAC4,APAAC5,_SolventAccessibilityC3,_ChargeC2,_ChargeC3,_PolarityC2,_NormalizedVDWVC1,_NormalizedVDWVC2,_HydrophobicityC2,_SolventAccessibilityT12,_ChargeT13,_ChargeT23,_PolarityT13,_NormalizedVDWVT23,_HydrophobicityT13,_PolarizabilityD2001,PAAC4,PAAC5,PAAC10,PAAC12,PAAC15,PAAC16,label
Negative_210,0.429,5.15,2.146,1.288,0.858,11.159,6.438,0.284,3.415,1.423,0.215,0.764,0.124,0.472,0.545,0.318,0.481,0.272,0.03,0.116,0.129,0.078,0.129,0.858,2.612,1.089,0.653,0.435,5.66,3.266,0
Positive_79,3.4,6.028,0.309,4.173,1.236,7.419,7.883,3.388,6.007,0.308,0.3,0.819,0.094,0.457,0.521,0.292,0.507,0.249,0.012,0.161,0.155,0.091,0.125,0.618,3.071,0.157,2.126,0.63,3.78,4.017,1
Positive_202,1.807,7.229,2.41,5.422,15.06,3.614,7.229,1.518,6.072,2.024,0.217,0.663,0.163,0.283,0.38,0.343,0.325,0.248,0.061,0.194,0.218,0.188,0.194,3.012,3.584,1.195,2.688,7.467,1.792,3.584,1
Positive_115,2.505,7.933,0.418,2.296,1.67,6.889,4.593,2.768,8.766,0.462,0.263,0.783,0.125,0.407,0.491,0.271,0.484,0.278,0.025,0.209,0.199,0.14,0.157,0.418,3.808,0.201,1.102,0.802,3.307,2.205,1
Positive_0,5.464,6.421,1.23,5.191,5.191,4.508,6.284,5.822,6.842,1.311,0.255,0.757,0.13,0.288,0.365,0.372,0.347,0.285,0.029,0.193,0.256,0.172,0.219,0.41,3.16,0.605,2.555,2.555,2.219,3.093,1
Positive_58,5.537,7.818,0.651,4.56,9.446,3.909,4.56,3.902,5.51,0.459,0.202,0.707,0.15,0.322,0.407,0.365,0.345,0.268,0.056,0.193,0.212,0.16,0.19,0.977,3.944,0.328,2.3,4.765,1.972,2.3,1
Negative_159,3.409,3.182,0.227,2.273,4.545,26.591,9.545,2.729,2.548,0.182,0.452,0.807,0.064,0.561,0.595,0.209,0.6,0.171,0.023,0.082,0.125,0.1,0.096,0.455,1.75,0.125,1.25,2.499,14.622,5.249,0
Negative_216,2.597,1.299,9.091,0.0,12.987,7.792,3.896,2.266,1.134,7.933,0.299,0.74,0.091,0.364,0.468,0.169,0.468,0.289,0.053,0.132,0.171,0.132,0.158,2.597,0.648,4.538,0.0,6.483,3.89,1.945,0
Negative_64,3.158,2.105,0.789,2.105,5.263,14.737,7.895,1.999,1.332,0.499,0.308,0.787,0.1,0.487,0.516,0.3,0.508,0.214,0.021,0.132,0.164,0.142,0.145,0.789,1.156,0.433,1.156,2.891,8.094,4.336,0
Positive_33,2.528,3.793,1.264,3.287,3.413,5.815,7.459,2.999,4.499,1.499,0.258,0.808,0.099,0.319,0.369,0.375,0.393,0.258,0.025,0.144,0.23,0.18,0.178,0.379,1.91,0.637,1.655,1.719,2.929,3.757,1
Positive_80,4.091,6.818,0.455,5.909,8.636,5.455,4.545,4.452,7.419,0.495,0.227,0.705,0.15,0.259,0.332,0.386,0.309,0.274,0.082,0.192,0.256,0.288,0.215,0.909,3.297,0.22,2.858,4.177,2.638,2.198,1
Positive_191,3.243,5.946,1.081,5.405,6.486,4.054,5.946,3.955,7.251,1.318,0.208,0.746,0.124,0.311,0.381,0.381,0.349,0.314,0.022,0.179,0.244,0.192,0.222,0.541,2.882,0.524,2.619,3.143,1.965,2.882,1
Negative_79,2.705,2.609,0.87,3.768,4.058,13.237,14.976,2.144,2.068,0.69,0.425,0.853,0.058,0.512,0.547,0.257,0.544,0.147,0.009,0.096,0.108,0.088,0.094,0.483,1.487,0.496,2.147,2.312,7.542,8.533,0
Negative_15,3.71,6.36,2.297,2.473,3.004,9.717,7.951,2.465,4.226,1.526,0.286,0.779,0.155,0.428,0.514,0.325,0.466,0.26,0.014,0.219,0.173,0.087,0.156,1.59,3.506,1.266,1.363,1.656,5.357,4.383,0
Positive_90,2.152,4.169,1.278,2.286,4.506,18.157,3.228,1.611,3.121,0.957,0.266,0.812,0.095,0.607,0.661,0.201,0.619,0.281,0.028,0.15,0.078,0.059,0.07,0.134,2.298,0.705,1.26,2.484,10.01,1.78,1
Negative_80,3.366,6.452,2.384,2.805,4.208,8.275,12.062,2.462,4.72,1.744,0.297,0.749,0.163,0.363,0.452,0.355,0.405,0.263,0.024,0.237,0.221,0.14,0.194,0.281,3.391,1.253,1.474,2.212,4.349,6.34,0
Negative_227,3.113,3.502,1.556,5.837,3.113,4.28,13.619,1.479,1.664,0.739,0.3,0.817,0.093,0.331,0.381,0.358,0.385,0.191,0.023,0.156,0.152,0.176,0.121,1.556,1.83,0.813,3.05,1.627,2.236,7.116,0
Positive_140,5.0,4.5,0.0,5.0,6.0,4.0,6.0,5.695,5.125,0.0,0.19,0.785,0.125,0.315,0.36,0.405,0.355,0.312,0.025,0.201,0.221,0.186,0.201,1.5,2.289,0.0,2.543,3.052,2.035,3.052,1
Positive_130,1.575,7.874,1.575,2.362,10.236,4.724,5.512,1.608,8.039,1.608,0.189,0.748,0.11,0.394,0.488,0.252,0.433,0.349,0.008,0.198,0.222,0.127,0.175,0.787,3.928,0.786,1.178,5.107,2.357,2.75,1
Positive_177,3.521,7.746,0.0,9.155,9.155,2.113,3.521,2.256,4.962,0.0,0.162,0.599,0.204,0.183,0.261,0.423,0.232,0.355,0.085,0.227,0.333,0.22,0.298,2.817,3.481,0.0,4.114,4.114,0.949,1.582,1
Negative_157,3.714,1.857,1.326,2.387,3.714,20.159,12.467,2.701,1.351,0.964,0.538,0.881,0.053,0.615,0.647,0.215,0.655,0.08,0.013,0.088,0.085,0.077,0.074,1.061,1.262,0.901,1.622,2.523,13.695,8.47,0
Negative_141,1.845,4.059,2.214,1.107,3.321,12.546,9.963,1.356,2.982,1.627,0.284,0.749,0.1,0.487,0.55,0.24,0.509,0.241,0.059,0.141,0.119,0.13,0.107,0.738,1.967,1.073,0.537,1.61,6.081,4.829,0
Negative_117,2.551,6.122,0.51,4.082,2.041,11.224,8.163,2.188,5.25,0.437,0.276,0.765,0.158,0.357,0.423,0.398,0.393,0.241,0.026,0.221,0.231,0.174,0.205,1.02,3.174,0.264,2.116,1.058,5.819,4.232,0
Negative_44,3.341,4.418,2.478,4.526,3.341,8.19,11.207,3.435,4.543,2.548,0.342,0.818,0.097,0.391,0.46,0.329,0.442,0.203,0.016,0.154,0.18,0.143,0.154,0.216,2.369,1.329,2.427,1.791,4.391,6.009,0
Positive_172,5.324,6.019,1.157,4.861,6.944,3.935,6.481,5.032,5.689,1.094,0.243,0.722,0.157,0.262,0.333,0.377,0.326,0.274,0.042,0.213,0.262,0.195,0.211,0.926,2.914,0.56,2.353,3.362,1.905,3.137,1
Positive_53,4.348,4.831,2.899,3.382,7.729,5.314,10.628,5.152,5.724,3.435,0.271,0.797,0.077,0.391,0.469,0.285,0.43,0.301,0.01,0.136,0.189,0.146,0.165,0.966,2.466,1.48,1.726,3.945,2.713,5.425,1
Negative_135,2.698,2.884,0.465,2.605,4.093,15.442,10.884,1.973,2.109,0.34,0.387,0.833,0.081,0.492,0.526,0.288,0.548,0.182,0.026,0.111,0.139,0.128,0.108,0.186,1.649,0.266,1.49,2.341,8.831,6.225,0
Negative_85,1.458,3.79,3.499,0.583,6.414,7.872,11.37,1.042,2.709,2.501,0.262,0.746,0.114,0.388,0.461,0.327,0.408,0.301,0.023,0.164,0.202,0.126,0.193,1.166,1.901,1.755,0.292,3.216,3.947,5.702,0
Positive_200,3.581,5.882,0.895,2.941,5.754,5.371,5.882,3.391,5.57,0.848,0.228,0.765,0.124,0.359,0.427,0.34,0.405,0.291,0.027,0.17,0.206,0.179,0.173,0.384,2.927,0.445,1.464,2.863,2.673,2.927,1
Positive_50,3.716,5.743,0.338,4.392,2.703,7.432,5.743,3.951,6.106,0.359,0.264,0.807,0.101,0.345,0.405,0.345,0.385,0.234,0.01,0.18,0.224,0.173,0.19,1.351,2.846,0.167,2.176,1.339,3.683,2.846,1
Negative_145,3.24,3.24,3.888,1.296,6.911,9.935,8.207,2.278,2.278,2.734,0.343,0.821,0.078,0.382,0.454,0.3,0.462,0.199,0.03,0.113,0.201,0.128,0.143,1.08,1.867,2.24,0.747,3.982,5.725,4.729,0
Negative_129,2.235,1.676,0.559,0.559,2.235,16.201,13.966,1.981,1.486,0.496,0.453,0.849,0.045,0.547,0.57,0.162,0.631,0.129,0.017,0.062,0.107,0.067,0.09,1.117,0.87,0.29,0.29,1.161,8.412,7.252,0
Positive_161,3.125,6.25,0.347,6.597,9.375,4.514,6.25,2.306,4.613,0.256,0.219,0.684,0.163,0.26,0.326,0.41,0.312,0.3,0.045,0.213,0.3,0.22,0.244,1.042,3.053,0.169,3.222,4.579,2.205,3.053,1
Positive_150,3.448,6.366,0.796,3.979,1.326,7.427,3.714,4.105,7.579,0.948,0.236,0.777,0.133,0.382,0.454,0.326,0.438,0.29,0.013,0.221,0.191,0.144,0.157,0.531,3.079,0.385,1.925,0.641,3.593,1.797,1
Negative_156,3.364,2.446,1.223,4.893,4.893,7.645,4.587,2.521,1.833,0.916,0.248,0.789,0.107,0.382,0.419,0.404,0.416,0.282,0.018,0.172,0.233,0.135,0.202,0.917,1.343,0.672,2.687,2.687,4.199,2.519,0
Negative_107,0.485,2.423,5.816,0.323,5.977,9.208,8.239,0.295,1.474,3.539,0.312,0.742,0.105,0.404,0.486,0.225,0.483,0.238,0.037,0.154,0.17,0.131,0.134,0.323,1.225,2.941,0.163,3.023,4.657,4.166,0
Positive_188,4.005,5.039,0.258,2.455,3.488,5.556,6.848,4.029,5.069,0.26,0.236,0.788,0.099,0.35,0.403,0.366,0.393,0.278,0.027,0.151,0.206,0.166,0.182,0.517,2.478,0.127,1.207,1.715,2.732,3.367,1
Positive_103,2.389,5.802,0.341,5.802,4.437,5.119,5.461,2.668,6.479,0.381,0.239,0.788,0.119,0.331,0.392,0.389,0.406,0.267,0.024,0.202,0.212,0.168,0.175,2.048,2.912,0.171,2.912,2.227,2.569,2.741,1
Negative_12,3.107,3.955,3.39,3.672,7.345,8.192,11.299,2.315,2.947,2.526,0.297,0.749,0.116,0.311,0.384,0.353,0.356,0.224,0.028,0.147,0.224,0.167,0.181,1.13,2.004,1.718,1.86,3.721,4.151,5.725,0
Positive_19,2.842,5.151,1.421,4.796,6.394,6.217,7.282,3.326,6.028,1.663,0.25,0.785,0.105,0.364,0.43,0.325,0.417,0.285,0.03,0.155,0.21,0.157,0.183,0.355,2.58,0.712,2.402,3.202,3.114,3.647,1
Positive_210,3.08,4.529,1.63,3.804,4.801,9.601,9.873,1.92,2.823,1.016,0.292,0.745,0.138,0.383,0.445,0.343,0.414,0.245,0.028,0.179,0.191,0.138,0.174,0.181,2.335,0.84,1.961,2.475,4.949,5.09,1
Negative_98,2.865,5.444,2.865,1.146,4.871,9.456,5.731,1.161,2.206,1.161,0.272,0.734,0.132,0.37,0.453,0.309,0.413,0.25,0.034,0.207,0.155,0.144,0.135,1.146,2.84,1.494,0.598,2.541,4.932,2.989,0
Positive_41,4.348,6.905,0.512,5.371,5.882,6.138,6.394,4.408,6.999,0.519,0.297,0.749,0.125,0.271,0.345,0.345,0.371,0.267,0.028,0.213,0.308,0.205,0.221,1.023,3.439,0.255,2.675,2.929,3.057,3.184,1
Negative_149,4.23,2.115,6.949,3.323,12.387,2.417,8.459,2.056,1.028,3.377,0.299,0.692,0.109,0.275,0.366,0.29,0.384,0.252,0.061,0.145,0.242,0.227,0.173,2.115,1.087,3.573,1.708,6.369,1.243,4.349,0
Negative_52,1.411,4.233,4.056,1.764,4.233,10.229,10.582,1.12,3.36,3.219,0.298,0.774,0.093,0.399,0.481,0.277,0.446,0.247,0.025,0.148,0.203,0.15,0.171,0.529,2.099,2.011,0.875,2.099,5.071,5.246,0
Negative_25,1.747,4.304,1.871,0.873,4.554,13.911,10.917,1.376,3.39,1.474,0.346,0.801,0.089,0.498,0.56,0.237,0.54,0.213,0.014,0.157,0.133,0.082,0.113,0.187,2.295,0.998,0.466,2.429,7.419,5.822,0
Negative_204,0.224,1.121,13.004,0.897,0.448,13.004,6.726,0.249,1.246,14.449,0.388,0.877,0.047,0.419,0.561,0.202,0.516,0.196,0.002,0.092,0.202,0.094,0.137,0.673,0.625,7.255,0.5,0.25,7.255,3.753,0
Negative_155,0.664,1.991,7.965,0.885,4.425,5.752,8.407,0.415,1.244,4.977,0.292,0.754,0.071,0.378,0.478,0.21,0.469,0.239,0.024,0.118,0.162,0.129,0.129,1.77,0.967,3.867,0.43,2.148,2.793,4.082,0
Positive_31,3.871,2.258,2.581,8.065,7.097,2.581,6.452,3.16,1.843,2.107,0.232,0.816,0.081,0.297,0.345,0.413,0.355,0.262,0.023,0.113,0.239,0.172,0.201,1.29,1.184,1.353,4.229,3.721,1.353,3.383,1
Negative_233,1.896,4.739,1.896,3.318,2.37,7.109,6.161,2.328,5.818,2.328,0.237,0.758,0.133,0.379,0.445,0.355,0.408,0.295,0.029,0.21,0.219,0.167,0.214,0.948,2.347,0.939,1.643,1.173,3.52,3.051,0
Positive_139,15.47,5.525,2.21,11.05,7.182,4.42,4.972,18.417,6.577,2.631,0.221,0.812,0.099,0.188,0.265,0.503,0.249,0.317,0.011,0.161,0.356,0.261,0.311,2.762,3.051,1.221,6.103,3.967,2.441,2.746,1
Negative_109,3.128,5.55,2.422,2.825,5.752,8.577,8.375,2.674,4.744,2.07,0.284,0.776,0.111,0.35,0.43,0.329,0.411,0.247,0.029,0.159,0.207,0.177,0.167,0.404,2.881,1.257,1.466,2.986,4.452,4.347,0
Positive_121,2.762,4.972,0.0,6.63,4.42,3.867,8.287,3.177,5.718,0.0,0.271,0.801,0.116,0.32,0.37,0.37,0.387,0.278,0.017,0.194,0.244,0.178,0.211,2.21,2.589,0.0,3.452,2.301,2.013,4.315,1
Negative_199,1.57,3.139,6.726,4.709,8.52,5.83,9.193,1.09,2.18,4.671,0.305,0.733,0.119,0.309,0.408,0.291,0.413,0.261,0.038,0.164,0.234,0.196,0.169,0.448,1.618,3.467,2.428,4.392,3.006,4.739,0
Positive_36,3.185,5.096,0.318,5.096,9.873,3.503,7.643,2.579,4.126,0.257,0.261,0.758,0.115,0.347,0.401,0.341,0.392,0.256,0.019,0.185,0.227,0.169,0.192,1.274,2.698,0.168,2.698,5.227,1.854,4.046,1
Negative_59,3.704,3.704,2.881,5.761,6.584,7.407,11.934,2.437,2.437,1.895,0.354,0.761,0.111,0.379,0.444,0.3,0.444,0.215,0.012,0.153,0.223,0.12,0.165,1.646,1.965,1.529,3.057,3.493,3.93,6.332,0
Positive_136,2.887,2.887,0.262,7.349,5.512,4.462,2.362,3.148,3.148,0.286,0.192,0.756,0.131,0.32,0.352,0.407,0.378,0.297,0.037,0.171,0.216,0.187,0.187,0.525,1.404,0.127,3.574,2.681,2.17,1.149,1
Negative_218,4.222,4.444,1.556,3.333,6.444,5.333,14.889,3.206,3.374,1.181,0.34,0.753,0.122,0.37,0.43,0.346,0.416,0.222,0.034,0.168,0.204,0.15,0.171,1.222,2.377,0.832,1.783,3.447,2.853,7.964,0
Negative_75,3.689,3.279,4.098,5.738,3.279,4.918,10.246,2.111,1.876,2.345,0.311,0.885,0.045,0.344,0.418,0.332,0.414,0.177,0.008,0.082,0.206,0.181,0.16,1.23,1.811,2.263,3.168,1.811,2.716,5.657,0
Negative_213,3.723,3.191,2.128,2.128,8.511,9.043,10.106,2.142,1.835,1.224,0.367,0.777,0.074,0.457,0.511,0.223,0.521,0.214,0.005,0.107,0.166,0.086,0.128,2.128,1.698,1.132,1.132,4.528,4.812,5.377,0
Positive_160,6.111,7.222,1.667,5.556,5.0,2.778,6.111,4.311,5.095,1.176,0.211,0.733,0.156,0.267,0.356,0.406,0.3,0.318,0.017,0.223,0.291,0.156,0.274,2.222,3.629,0.838,2.791,2.512,1.396,3.07,1
Negative_169,3.687,6.452,3.687,5.069,5.991,5.991,8.295,4.185,7.323,4.185,0.281,0.783,0.106,0.276,0.378,0.369,0.336,0.231,0.065,0.13,0.255,0.204,0.208,1.382,3.342,1.91,2.626,3.103,3.103,4.297,0
Positive_3,3.579,4.211,2.737,5.895,3.789,4.421,4.421,1.837,2.162,1.405,0.255,0.859,0.059,0.297,0.366,0.328,0.394,0.236,0.015,0.099,0.194,0.175,0.154,1.263,2.156,1.401,3.018,1.94,2.263,2.263,1
Negative_104,1.333,4.19,2.476,2.286,2.476,10.476,13.714,1.196,3.76,2.222,0.333,0.819,0.093,0.474,0.541,0.288,0.512,0.204,0.017,0.151,0.143,0.132,0.124,0.952,2.27,1.342,1.239,1.342,5.677,7.431,0
Positive_84,5.788,4.18,0.965,8.039,7.074,5.466,5.145,6.6,4.766,1.1,0.238,0.794,0.119,0.325,0.376,0.392,0.376,0.306,0.029,0.19,0.258,0.174,0.219,0.643,2.213,0.511,4.257,3.746,2.894,2.724,1
Negative_16,1.505,5.351,2.007,1.171,1.672,5.351,5.518,0.85,3.021,1.133,0.199,0.707,0.162,0.363,0.436,0.365,0.398,0.343,0.025,0.229,0.228,0.139,0.206,0.334,2.591,0.972,0.567,0.81,2.591,2.672,0
Negative_118,1.25,5.0,0.417,1.667,3.125,13.125,14.792,0.948,3.794,0.316,0.352,0.798,0.102,0.506,0.56,0.273,0.525,0.234,0.013,0.163,0.119,0.096,0.111,1.042,2.698,0.225,0.899,1.686,7.081,7.981,0
Positive_30,2.974,5.576,0.372,7.435,3.346,4.833,5.948,3.236,6.067,0.405,0.234,0.822,0.097,0.394,0.454,0.346,0.435,0.269,0.015,0.157,0.194,0.116,0.164,1.487,2.856,0.191,3.808,1.714,2.475,3.046,1
Negative_143,3.315,6.906,1.105,1.657,4.972,6.906,8.287,1.548,3.224,0.516,0.204,0.693,0.174,0.401,0.481,0.329,0.417,0.31,0.039,0.227,0.175,0.108,0.163,0.552,3.434,0.549,0.824,2.472,3.434,4.12,0
Positive_186,3.132,4.036,1.322,6.82,5.776,3.41,8.212,1.824,2.351,0.77,0.251,0.779,0.104,0.31,0.363,0.386,0.358,0.251,0.031,0.143,0.228,0.201,0.194,0.278,2.087,0.684,3.527,2.987,1.764,4.247,1
Negative_202,1.008,2.823,5.847,0.605,3.831,9.476,6.25,0.738,2.067,4.28,0.268,0.79,0.095,0.458,0.544,0.216,0.532,0.22,0.032,0.139,0.174,0.111,0.131,0.806,1.479,3.063,0.317,2.007,4.964,3.274,0
Negative_53,0.653,3.1,1.794,1.794,1.794,7.341,6.199,0.632,2.998,1.735,0.261,0.809,0.093,0.423,0.471,0.331,0.48,0.253,0.018,0.155,0.191,0.139,0.149,0.653,1.553,0.899,0.899,0.899,3.677,3.105,0
Negative_73,3.042,5.323,0.76,4.183,5.323,9.506,6.844,3.634,6.36,0.908,0.259,0.795,0.099,0.422,0.483,0.304,0.449,0.305,0.015,0.16,0.221,0.153,0.195,0.76,2.688,0.384,2.112,2.688,4.801,3.456,0
Negative_201,4.011,3.734,3.043,6.362,5.533,4.288,8.99,4.274,3.979,3.242,0.296,0.813,0.091,0.303,0.371,0.397,0.372,0.23,0.017,0.15,0.23,0.179,0.179,0.277,2.006,1.635,3.418,2.973,2.304,4.83,0
Negative_87,0.619,4.025,3.096,0.619,0.619,7.121,5.573,0.662,4.305,3.311,0.238,0.786,0.118,0.409,0.48,0.313,0.455,0.286,0.025,0.18,0.177,0.102,0.158,1.238,1.988,1.529,0.306,0.306,3.517,2.752,0
Negative_121,1.938,1.163,5.426,3.488,1.163,5.814,13.178,1.048,0.629,2.933,0.291,0.926,0.043,0.368,0.434,0.38,0.426,0.148,0.004,0.082,0.14,0.175,0.109,0.775,0.673,3.142,2.019,0.673,3.366,7.63,0
Positive_174,5.198,5.693,1.733,4.455,7.921,6.436,9.653,4.651,5.094,1.551,0.28,0.738,0.124,0.317,0.391,0.351,0.364,0.251,0.03,0.189,0.223,0.179,0.203,0.495,2.89,0.88,2.262,4.022,3.268,4.901,1
Positive_126,5.755,5.036,1.439,3.597,10.072,2.158,4.317,6.819,5.967,1.705,0.209,0.806,0.072,0.388,0.453,0.317,0.424,0.246,0.022,0.123,0.13,0.145,0.116,1.439,2.697,0.771,1.926,5.393,1.156,2.312,1
Negative_43,1.695,5.085,2.119,2.119,11.441,6.78,9.322,0.995,2.984,1.244,0.284,0.699,0.119,0.301,0.373,0.318,0.356,0.26,0.051,0.179,0.251,0.209,0.2,0.847,2.555,1.065,1.065,5.75,3.407,4.685,0
Negative_125,0.765,3.061,3.061,3.699,4.847,5.74,6.378,0.581,2.324,2.324,0.267,0.77,0.13,0.399,0.46,0.343,0.459,0.25,0.023,0.189,0.186,0.115,0.147,0.255,1.66,1.66,2.006,2.629,3.113,3.459,0
Negative_142,2.826,2.948,1.966,4.177,2.58,9.459,7.74,2.552,2.662,1.775,0.283,0.819,0.09,0.423,0.472,0.356,0.463,0.246,0.014,0.144,0.175,0.135,0.143,0.369,1.554,1.036,2.201,1.36,4.985,4.079,0
Positive_102,4.058,4.638,1.159,5.217,3.478,5.217,5.797,5.057,5.779,1.444,0.22,0.814,0.099,0.371,0.429,0.38,0.414,0.294,0.012,0.145,0.218,0.128,0.195,0.58,2.435,0.608,2.738,1.826,2.738,3.043,1
Negative_163,1.498,3.744,1.997,3.411,3.993,10.732,10.316,1.312,3.28,1.749,0.324,0.785,0.109,0.41,0.468,0.313,0.459,0.22,0.018,0.172,0.187,0.123,0.157,0.166,1.953,1.042,1.78,2.083,5.599,5.382,0
Negative_103,1.884,4.441,2.826,2.826,1.884,6.595,6.326,1.489,3.509,2.233,0.245,0.781,0.114,0.32,0.393,0.355,0.377,0.253,0.028,0.155,0.222,0.156,0.182,0.269,2.157,1.373,1.373,0.915,3.204,3.073,0
Positive_153,3.422,5.038,1.331,5.513,5.989,6.559,7.7,2.942,4.332,1.144,0.285,0.751,0.13,0.311,0.375,0.371,0.373,0.261,0.035,0.182,0.26,0.191,0.216,0.57,2.563,0.677,2.804,3.047,3.337,3.917,1
Positive_83,4.284,5.862,0.676,6.426,5.411,4.059,4.848,4.57,6.253,0.721,0.234,0.752,0.139,0.307,0.372,0.37,0.38,0.313,0.036,0.212,0.242,0.19,0.203,0.338,2.876,0.332,3.153,2.655,1.992,2.379,1
Positive_181,5.665,4.549,3.348,6.781,6.695,5.923,10.987,6.291,5.052,3.718,0.314,0.809,0.102,0.295,0.374,0.38,0.36,0.243,0.016,0.166,0.253,0.189,0.208,0.172,2.445,1.8,3.645,3.599,3.184,5.906,1
Positive_213,7.5,5.0,1.25,6.25,7.5,2.5,5.0,10.295,6.863,1.716,0.212,0.762,0.087,0.237,0.3,0.425,0.3,0.316,0.0,0.152,0.278,0.228,0.228,3.75,2.436,0.609,3.045,3.654,1.218,2.436,1
Positive_112,6.554,7.822,0.0,4.863,9.302,2.537,8.245,6.965,8.312,0.0,0.285,0.767,0.121,0.328,0.406,0.328,0.4,0.275,0.025,0.182,0.212,0.153,0.169,0.423,4.062,0.0,2.525,4.83,1.317,4.281,1
Negative_67,1.807,1.807,0.904,0.0,8.434,10.542,9.639,0.935,0.935,0.468,0.226,0.732,0.178,0.63,0.657,0.229,0.633,0.278,0.033,0.254,0.051,0.051,0.048,1.205,1.08,0.54,0.0,5.042,6.302,5.763,0
Negative_39,1.068,4.274,2.137,3.632,2.137,5.128,9.402,1.156,4.628,2.314,0.28,0.835,0.096,0.408,0.472,0.361,0.442,0.263,0.017,0.141,0.182,0.109,0.167,0.855,2.284,1.142,1.941,1.142,2.741,5.025,0
Negative_123,1.327,4.314,3.54,1.659,4.867,10.509,7.854,0.831,2.7,2.216,0.291,0.754,0.114,0.413,0.491,0.277,0.467,0.225,0.029,0.14,0.161,0.11,0.13,0.885,2.238,1.836,0.861,2.525,5.451,4.074,0
Positive_59,1.672,9.365,1.338,5.017,4.348,4.013,5.351,1.541,8.631,1.233,0.201,0.763,0.134,0.351,0.458,0.344,0.395,0.295,0.023,0.205,0.201,0.111,0.168,1.338,4.776,0.682,2.558,2.217,2.046,2.729,1
Negative_90,1.695,3.814,1.977,1.695,1.554,9.887,8.192,1.557,3.504,1.816,0.294,0.822,0.092,0.449,0.507,0.306,0.49,0.24,0.014,0.133,0.15,0.107,0.122,0.282,1.969,1.021,0.875,0.802,5.104,4.229,0
Negative_62,3.916,5.221,1.707,3.765,6.175,5.673,10.894,2.441,3.254,1.064,0.28,0.76,0.114,0.353,0.422,0.347,0.393,0.247,0.025,0.162,0.2,0.16,0.177,0.151,2.734,0.894,1.972,3.234,2.971,5.705,0
Positive_218,3.463,5.628,1.299,6.494,10.173,5.411,4.978,3.006,4.885,1.128,0.24,0.747,0.115,0.346,0.416,0.331,0.394,0.286,0.046,0.176,0.234,0.174,0.204,0.866,2.859,0.66,3.299,5.168,2.749,2.529,1
Positive_167,6.497,5.381,0.406,4.67,3.553,4.365,8.934,6.332,5.245,0.396,0.289,0.839,0.091,0.393,0.451,0.359,0.437,0.244,0.019,0.162,0.189,0.144,0.161,0.203,2.922,0.22,2.536,1.929,2.37,4.851,1
Negative_33,0.307,3.988,3.374,3.374,3.067,6.135,7.362,0.395,5.133,4.342,0.276,0.782,0.095,0.294,0.368,0.383,0.344,0.277,0.025,0.154,0.277,0.178,0.234,1.227,1.965,1.662,1.662,1.511,3.022,3.627,0
Negative_130,1.093,1.093,3.825,2.186,9.836,18.579,12.568,0.294,0.294,1.029,0.361,0.689,0.066,0.421,0.47,0.213,0.448,0.126,0.044,0.066,0.104,0.176,0.071,1.639,0.551,1.929,1.102,4.959,9.367,6.337,0
Negative_28,3.475,4.247,3.475,1.931,1.544,7.336,10.039,3.573,4.367,3.573,0.232,0.807,0.116,0.378,0.456,0.402,0.398,0.326,0.023,0.202,0.24,0.14,0.229,1.158,2.193,1.795,0.997,0.797,3.789,5.185,0
Positive_13,3.409,6.061,0.758,3.409,4.545,6.818,4.924,4.155,7.387,0.924,0.223,0.735,0.133,0.295,0.364,0.364,0.348,0.319,0.023,0.221,0.278,0.179,0.243,2.273,2.839,0.355,1.597,2.129,3.194,2.307,1
Negative_17,1.553,4.182,0.358,1.314,2.389,8.363,6.452,1.439,3.874,0.332,0.258,0.806,0.093,0.389,0.435,0.325,0.448,0.266,0.02,0.15,0.179,0.152,0.14,0.597,2.04,0.175,0.641,1.165,4.079,3.147,0
Negative_137,2.41,2.41,6.024,2.41,9.639,4.819,8.434,1.484,1.484,3.709,0.217,0.819,0.06,0.289,0.373,0.386,0.325,0.268,0.0,0.122,0.244,0.159,0.22,3.614,1.369,3.423,1.369,5.477,2.738,4.793,0
Positive_34,1.744,6.395,4.651,2.907,9.302,8.14,3.488,1.254,4.599,3.345,0.238,0.68,0.157,0.262,0.372,0.32,0.326,0.339,0.035,0.222,0.31,0.14,0.275,1.163,3.102,2.256,1.41,4.513,3.949,1.692,1
Negative_78,1.379,8.276,10.345,4.138,13.103,8.276,3.448,0.922,5.534,6.917,0.255,0.717,0.117,0.241,0.428,0.241,0.331,0.292,0.062,0.174,0.292,0.181,0.243,1.379,4.395,5.494,2.198,6.959,4.395,1.831,0
Positive_81,4.688,3.906,0.0,4.688,9.375,0.781,7.031,6.357,5.296,0.0,0.273,0.758,0.125,0.305,0.344,0.367,0.359,0.291,0.039,0.197,0.291,0.205,0.244,6.25,2.0,0.0,2.401,4.801,0.4,3.6,1
Negative_81,2.269,2.042,0.53,5.976,6.051,9.002,12.935,1.925,1.733,0.45,0.385,0.84,0.071,0.44,0.466,0.382,0.469,0.179,0.016,0.104,0.146,0.12,0.133,0.151,1.218,0.316,3.565,3.61,5.37,7.717,0
Positive_118,5.994,4.732,1.262,6.625,4.101,6.625,3.785,6.598,5.209,1.389,0.23,0.811,0.107,0.322,0.382,0.413,0.344,0.301,0.013,0.177,0.25,0.142,0.237,0.631,2.47,0.659,3.458,2.141,3.458,1.976,1
Positive_173,2.347,4.225,0.469,4.695,3.286,6.103,6.573,2.601,4.681,0.52,0.277,0.742,0.15,0.286,0.333,0.399,0.347,0.283,0.047,0.226,0.236,0.222,0.203,1.408,2.077,0.231,2.308,1.615,3.0,3.231,1
Negative_51,0.0,3.333,3.333,1.905,1.429,12.381,11.905,0.0,2.388,2.388,0.381,0.848,0.1,0.49,0.557,0.29,0.538,0.158,0.019,0.163,0.115,0.077,0.081,1.429,1.876,1.876,1.072,0.804,6.968,6.7,0
Negative_95,2.419,3.226,1.613,8.871,4.032,4.839,9.677,1.118,1.49,0.745,0.242,0.823,0.073,0.427,0.476,0.331,0.468,0.244,0.024,0.106,0.154,0.114,0.138,2.419,1.746,0.873,4.8,2.182,2.618,5.236,0
Negative_84,3.206,4.409,1.804,2.004,7.214,6.413,4.008,2.466,3.392,1.388,0.242,0.717,0.112,0.299,0.361,0.367,0.349,0.321,0.054,0.163,0.273,0.207,0.241,0.601,2.13,0.872,0.968,3.485,3.098,1.936,0
Negative_214,0.0,6.897,4.598,1.149,3.448,3.448,6.897,0.0,2.418,1.612,0.23,0.724,0.161,0.264,0.379,0.368,0.322,0.256,0.023,0.163,0.198,0.105,0.186,5.747,3.662,2.442,0.61,1.831,1.831,3.662,0
Positive_61,5.357,5.952,1.19,8.929,6.25,5.655,3.571,5.687,6.318,1.263,0.208,0.777,0.11,0.31,0.381,0.405,0.357,0.304,0.033,0.164,0.254,0.164,0.233,1.19,3.034,0.607,4.551,3.186,2.882,1.82,1
Positive_169,2.198,3.846,0.549,5.495,2.198,7.143,8.242,1.891,3.308,0.472,0.28,0.835,0.093,0.473,0.516,0.33,0.505,0.166,0.022,0.144,0.127,0.072,0.11,1.648,2.1,0.3,3.0,1.2,3.899,4.499,1
Negative_113,5.019,5.148,3.346,4.376,8.237,6.435,11.326,3.452,3.541,2.301,0.283,0.746,0.113,0.324,0.409,0.35,0.372,0.244,0.023,0.183,0.215,0.187,0.183,0.257,2.676,1.74,2.275,4.282,3.345,5.888,0
Positive_91,4.62,7.591,4.95,3.96,6.601,5.941,2.31,3.825,6.284,4.098,0.218,0.713,0.188,0.244,0.37,0.393,0.307,0.278,0.04,0.272,0.278,0.192,0.228,1.65,3.988,2.601,2.081,3.468,3.121,1.214,1
Positive_122,4.82,5.141,1.285,5.334,4.627,4.82,5.463,5.37,5.728,1.432,0.231,0.79,0.117,0.337,0.402,0.388,0.393,0.292,0.022,0.186,0.221,0.156,0.183,0.257,2.64,0.66,2.739,2.376,2.475,2.805,1
Positive_138,6.094,6.371,0.831,6.648,5.54,2.216,5.817,7.268,7.598,0.991,0.244,0.787,0.116,0.271,0.343,0.413,0.346,0.289,0.019,0.208,0.253,0.233,0.197,0.554,3.226,0.421,3.366,2.805,1.122,2.946,1
Positive_195,6.569,6.752,0.0,4.562,6.569,3.102,6.752,6.094,6.263,0.0,0.268,0.805,0.108,0.35,0.418,0.347,0.436,0.267,0.024,0.181,0.219,0.176,0.161,1.277,3.563,0.0,2.408,3.467,1.637,3.563,1
Negative_188,2.03,1.523,2.538,5.584,8.629,5.584,10.66,1.083,0.812,1.354,0.264,0.807,0.071,0.36,0.401,0.381,0.381,0.23,0.015,0.107,0.163,0.133,0.153,1.015,0.835,1.391,3.06,4.728,3.06,5.841,0
Positive_25,4.478,8.955,2.985,1.99,5.473,2.488,5.97,4.233,8.464,2.821,0.204,0.731,0.139,0.279,0.398,0.318,0.328,0.31,0.035,0.205,0.25,0.185,0.21,1.99,4.23,1.41,0.94,2.585,1.175,2.82,1
Negative_122,1.244,2.488,2.239,2.736,1.99,15.423,7.214,1.138,2.275,2.048,0.351,0.843,0.05,0.565,0.612,0.211,0.6,0.167,0.012,0.087,0.072,0.057,0.057,1.493,1.305,1.175,1.435,1.044,8.092,3.785,0
Positive_189,4.203,4.362,2.696,4.837,4.203,3.807,6.899,2.389,2.479,1.532,0.229,0.796,0.103,0.32,0.391,0.372,0.374,0.245,0.025,0.147,0.217,0.177,0.183,0.555,2.297,1.42,2.548,2.214,2.005,3.634,1
Negative_195,4.082,2.857,7.755,2.041,5.714,6.531,4.49,3.427,2.399,6.511,0.2,0.735,0.106,0.298,0.404,0.351,0.343,0.299,0.02,0.168,0.225,0.18,0.193,2.857,1.402,3.805,1.001,2.804,3.205,2.203,0
Negative_222,4.724,3.15,0.787,1.378,3.543,11.122,12.303,3.88,2.587,0.646,0.352,0.856,0.07,0.448,0.487,0.336,0.495,0.187,0.015,0.109,0.144,0.13,0.119,0.197,1.85,0.462,0.809,2.08,6.53,7.224,0
Positive_206,1.058,6.878,0.0,6.349,0.529,6.878,5.82,0.904,5.879,0.0,0.275,0.767,0.132,0.397,0.466,0.317,0.46,0.239,0.032,0.223,0.165,0.133,0.128,2.116,3.346,0.0,3.089,0.257,3.346,2.832,1
Negative_232,1.587,3.175,1.27,1.27,1.587,5.714,8.571,1.832,3.664,1.466,0.26,0.775,0.102,0.441,0.486,0.279,0.498,0.232,0.029,0.15,0.182,0.146,0.14,0.952,1.504,0.601,0.601,0.752,2.706,4.059,0
Positive_93,3.373,5.754,1.587,4.167,4.365,4.762,5.952,3.656,6.237,1.72,0.234,0.764,0.113,0.335,0.409,0.339,0.393,0.31,0.026,0.173,0.239,0.159,0.213,0.397,2.805,0.774,2.031,2.128,2.321,2.901,1
Positive_129,10.526,3.828,0.478,6.22,4.306,3.349,8.134,11.349,4.127,0.515,0.301,0.852,0.067,0.354,0.397,0.349,0.435,0.274,0.005,0.13,0.245,0.168,0.197,0.478,1.948,0.243,3.165,2.191,1.704,4.14,1
Negative_65,1.075,3.226,0.717,2.509,0.717,11.111,5.376,0.692,2.078,0.462,0.233,0.728,0.108,0.437,0.477,0.258,0.48,0.273,0.032,0.155,0.18,0.126,0.147,1.434,1.433,0.319,1.115,0.319,4.937,2.389,0
Negative_45,3.828,2.088,1.624,4.872,7.193,8.237,9.513,3.382,1.845,1.435,0.309,0.827,0.068,0.418,0.455,0.398,0.432,0.214,0.024,0.094,0.181,0.132,0.174,0.232,1.221,0.95,2.849,4.206,4.816,5.562,0
Negative_76,1.487,2.602,2.23,6.32,8.178,7.435,10.037,1.166,2.041,1.749,0.323,0.796,0.078,0.454,0.502,0.249,0.52,0.187,0.019,0.116,0.157,0.146,0.104,0.743,1.378,1.181,3.346,4.33,3.936,5.314,0
Negative_29,1.786,4.96,1.984,2.976,5.754,10.913,7.341,1.272,3.533,1.413,0.319,0.8,0.075,0.415,0.484,0.284,0.47,0.217,0.02,0.103,0.173,0.137,0.147,0.595,2.579,1.032,1.547,2.992,5.675,3.817,0
Negative_38,3.71,6.714,2.65,3.357,4.24,7.951,12.898,3.495,6.325,2.496,0.314,0.786,0.106,0.373,0.466,0.297,0.419,0.221,0.023,0.175,0.198,0.136,0.172,0.53,3.441,1.358,1.721,2.173,4.075,6.611,0
Positive_156,1.81,3.167,4.977,0.905,2.715,11.312,9.05,1.051,1.84,2.891,0.303,0.774,0.104,0.344,0.425,0.321,0.38,0.255,0.023,0.168,0.241,0.159,0.214,0.905,1.622,2.549,0.464,1.391,5.794,4.636,1
Negative_186,1.534,2.301,0.92,1.38,2.914,19.632,8.589,1.148,1.722,0.688,0.374,0.833,0.066,0.578,0.61,0.222,0.604,0.183,0.017,0.112,0.098,0.083,0.086,0.46,1.27,0.508,0.762,1.608,10.837,4.741,0
Positive_14,3.478,2.609,0.87,7.826,2.609,6.957,5.217,1.152,0.864,0.288,0.278,0.896,0.07,0.278,0.313,0.452,0.304,0.184,0.009,0.123,0.202,0.184,0.184,1.739,1.555,0.519,4.665,1.555,4.147,3.11,1
Negative_20,1.101,5.321,0.734,2.936,2.752,7.89,10.275,0.565,2.729,0.376,0.295,0.776,0.128,0.402,0.462,0.358,0.437,0.228,0.026,0.167,0.173,0.149,0.149,0.55,2.827,0.39,1.56,1.462,4.191,5.458,0
Positive_134,3.258,7.519,0.0,3.509,2.757,5.514,3.008,3.388,7.82,0.0,0.271,0.759,0.135,0.316,0.391,0.316,0.409,0.291,0.03,0.216,0.271,0.176,0.193,0.501,3.62,0.0,1.689,1.327,2.655,1.448,1
Negative_22,2.542,3.39,4.237,4.237,5.085,9.322,5.932,1.554,2.072,2.59,0.314,0.78,0.102,0.356,0.432,0.305,0.458,0.154,0.043,0.128,0.128,0.111,0.085,1.695,1.746,2.183,2.183,2.619,4.802,3.056,0
Negative_178,1.455,4.909,1.455,3.818,4.182,12.364,9.818,0.869,2.932,0.869,0.324,0.762,0.147,0.387,0.451,0.358,0.427,0.197,0.026,0.14,0.175,0.124,0.151,0.364,2.67,0.791,2.076,2.274,6.724,5.339,0
Negative_231,0.0,0.0,20.339,0.0,5.085,16.102,21.186,0.0,0.0,12.72,0.432,0.898,0.008,0.534,0.737,0.127,0.568,0.111,0.0,0.017,0.111,0.017,0.094,2.542,0.0,13.777,0.0,3.444,10.907,14.35,0
Negative_58,1.379,4.368,1.379,1.609,2.299,14.253,11.034,0.938,2.972,0.938,0.324,0.754,0.124,0.503,0.561,0.253,0.524,0.233,0.025,0.177,0.108,0.092,0.104,0.46,2.237,0.706,0.824,1.177,7.3,5.651,0
Positive_64,3.252,4.553,1.138,6.179,3.577,7.48,4.715,3.407,4.77,1.192,0.218,0.779,0.115,0.335,0.392,0.413,0.38,0.316,0.033,0.171,0.238,0.181,0.212,0.325,2.3,0.575,3.121,1.807,3.778,2.382,1
Positive_221,3.059,4.971,3.633,6.119,6.119,4.971,9.178,2.605,4.232,3.093,0.272,0.765,0.122,0.312,0.398,0.358,0.369,0.266,0.027,0.192,0.243,0.188,0.205,0.382,2.6,1.9,3.2,3.2,2.6,4.8,1
Negative_196,1.789,3.181,2.883,1.889,3.579,16.402,8.549,1.307,2.324,2.106,0.353,0.804,0.095,0.513,0.574,0.244,0.567,0.192,0.018,0.145,0.128,0.089,0.1,0.596,1.754,1.59,1.042,1.974,9.044,4.714,0
Negative_179,4.138,2.069,3.448,3.448,0.69,6.207,15.172,3.336,1.668,2.78,0.366,0.855,0.069,0.455,0.51,0.31,0.51,0.188,0.007,0.104,0.132,0.139,0.118,1.379,1.119,1.865,1.865,0.373,3.357,8.207,0
Positive_117,2.941,5.882,4.412,2.941,11.765,2.941,7.353,5.106,10.212,7.66,0.279,0.735,0.132,0.309,0.412,0.338,0.368,0.239,0.0,0.254,0.254,0.164,0.224,2.941,3.097,2.323,1.548,6.194,1.548,3.871,1
Negative_154,2.907,2.907,2.326,2.907,4.07,9.884,11.628,1.495,1.495,1.196,0.372,0.855,0.07,0.384,0.436,0.337,0.471,0.164,0.018,0.111,0.158,0.146,0.123,1.744,1.652,1.322,1.652,2.313,5.617,6.608,0
Positive_10,4.462,3.937,2.1,9.449,7.874,4.199,8.661,3.963,3.496,1.865,0.252,0.793,0.094,0.318,0.378,0.399,0.36,0.255,0.024,0.129,0.237,0.184,0.211,1.312,2.053,1.095,4.927,4.106,2.189,4.516,1
Negative_150,3.211,5.734,2.064,4.014,3.899,11.124,10.321,3.058,5.461,1.966,0.339,0.796,0.109,0.359,0.437,0.366,0.401,0.231,0.03,0.165,0.217,0.168,0.189,0.344,3.145,1.132,2.201,2.138,6.101,5.66,0
Positive_106,5.23,7.741,0.628,5.858,4.812,6.695,6.695,5.209,7.71,0.625,0.285,0.77,0.138,0.337,0.421,0.32,0.416,0.26,0.027,0.224,0.231,0.18,0.178,0.628,3.92,0.318,2.966,2.437,3.39,3.39,1
Negative_192,1.55,2.842,2.584,1.292,1.034,13.695,8.527,1.516,2.779,2.527,0.292,0.845,0.088,0.494,0.548,0.315,0.522,0.228,0.018,0.142,0.161,0.106,0.145,0.775,1.564,1.422,0.711,0.569,7.534,4.691,0
Negative_190,3.365,3.846,5.769,3.846,6.25,6.25,9.856,2.96,3.383,5.074,0.3,0.755,0.12,0.32,0.416,0.305,0.394,0.239,0.031,0.195,0.219,0.166,0.186,1.202,1.97,2.955,1.97,3.201,3.201,5.048,0
Positive_17,5.047,3.925,1.495,5.794,6.355,5.607,6.542,5.528,4.299,1.637,0.254,0.809,0.09,0.363,0.417,0.359,0.4,0.285,0.022,0.142,0.199,0.165,0.18,0.748,2.059,0.784,3.04,3.334,2.942,3.432,1
Positive_216,4.292,4.292,0.858,3.648,5.579,4.721,7.082,4.32,4.32,0.864,0.277,0.805,0.094,0.337,0.388,0.358,0.408,0.234,0.022,0.146,0.2,0.168,0.163,0.644,2.205,0.441,1.874,2.866,2.425,3.638,1
Negative_92,2.399,4.982,1.845,0.923,2.214,12.546,9.041,1.934,4.016,1.487,0.292,0.775,0.111,0.41,0.478,0.341,0.448,0.277,0.024,0.172,0.211,0.131,0.185,0.554,2.527,0.936,0.468,1.123,6.364,4.586,0
Negative_77,2.745,2.353,3.137,2.353,5.49,7.451,10.98,2.024,1.735,2.313,0.318,0.839,0.043,0.439,0.494,0.278,0.475,0.209,0.012,0.059,0.138,0.13,0.126,3.137,1.267,1.69,1.267,2.957,4.013,5.914,0
Positive_49,12.234,1.596,1.064,9.043,12.234,0.532,4.787,13.511,1.763,1.175,0.213,0.745,0.122,0.197,0.223,0.479,0.282,0.358,0.053,0.182,0.342,0.262,0.289,1.064,0.823,0.549,4.663,6.308,0.274,2.468,1
Positive_135,2.694,6.397,1.347,6.902,6.734,5.387,3.03,2.695,6.4,1.348,0.195,0.769,0.133,0.382,0.46,0.352,0.424,0.3,0.025,0.224,0.211,0.137,0.18,0.505,3.335,0.702,3.598,3.511,2.808,1.58,1
Positive_89,5.706,4.505,2.402,2.703,6.306,3.604,6.907,5.746,4.537,2.419,0.261,0.766,0.132,0.318,0.387,0.321,0.387,0.22,0.024,0.205,0.208,0.187,0.166,0.601,2.245,1.197,1.347,3.142,1.796,3.441,1
Positive_32,2.299,1.724,0.575,6.897,1.149,2.299,5.747,0.792,0.594,0.198,0.224,0.897,0.075,0.316,0.339,0.437,0.379,0.133,0.012,0.116,0.121,0.197,0.087,2.874,0.943,0.314,3.772,0.628,1.257,3.143,1
Positive_201,5.303,3.788,1.515,6.818,13.636,0.758,6.061,4.928,3.52,1.408,0.22,0.705,0.106,0.288,0.341,0.371,0.303,0.321,0.015,0.168,0.26,0.168,0.244,2.273,1.84,0.736,3.313,6.625,0.368,2.945,1
Positive_127,1.099,4.396,7.692,3.297,20.879,4.396,2.198,0.53,2.118,3.706,0.176,0.681,0.11,0.308,0.429,0.22,0.374,0.333,0.022,0.156,0.233,0.156,0.2,4.396,2.312,4.046,1.734,10.983,2.312,1.156,1
Positive_147,1.807,3.313,0.602,3.012,3.313,4.819,1.506,1.9,3.484,0.633,0.148,0.738,0.133,0.349,0.389,0.401,0.38,0.353,0.039,0.202,0.239,0.169,0.211,0.602,1.561,0.284,1.42,1.561,2.271,0.71,1
Positive_55,3.31,8.537,0.697,4.53,1.568,5.923,6.794,3.533,9.111,0.744,0.26,0.796,0.132,0.38,0.472,0.329,0.429,0.241,0.023,0.211,0.178,0.14,0.147,0.348,4.324,0.353,2.294,0.794,3.0,3.441,1
Negative_112,0.733,3.663,1.832,2.564,4.212,10.806,7.326,0.533,2.661,1.331,0.289,0.74,0.11,0.397,0.452,0.315,0.43,0.261,0.026,0.172,0.206,0.167,0.178,0.366,1.835,0.918,1.284,2.11,5.412,3.669,0
Positive_158,3.597,7.194,0.0,3.957,2.158,4.676,5.396,4.214,8.429,0.0,0.259,0.802,0.129,0.392,0.464,0.309,0.464,0.235,0.018,0.206,0.191,0.112,0.144,0.719,3.607,0.0,1.984,1.082,2.345,2.706,1
Positive_92,6.053,4.6,0.969,4.6,5.085,5.811,6.538,7.638,5.804,1.223,0.242,0.785,0.111,0.324,0.38,0.373,0.375,0.274,0.029,0.17,0.243,0.211,0.206,0.726,2.29,0.482,2.29,2.531,2.892,3.254,1
Positive_54,9.202,6.692,0.76,10.19,8.137,4.03,7.529,10.481,7.622,0.866,0.261,0.77,0.12,0.259,0.333,0.414,0.329,0.283,0.034,0.18,0.291,0.226,0.236,0.152,3.458,0.393,5.266,4.205,2.083,3.891,1
Negative_234,0.0,0.847,19.492,0.0,5.085,13.559,22.034,0.0,0.523,12.043,0.441,0.907,0.008,0.542,0.746,0.102,0.602,0.094,0.0,0.017,0.085,0.009,0.085,2.542,0.593,13.654,0.0,3.562,9.498,15.435,0
Positive_18,1.587,3.704,0.0,6.878,5.291,6.349,4.233,1.513,3.531,0.0,0.254,0.741,0.111,0.307,0.344,0.333,0.392,0.293,0.037,0.186,0.239,0.223,0.191,3.175,1.712,0.0,3.179,2.446,2.935,1.957,1
Negative_131,3.571,5.952,1.19,3.571,4.762,4.762,22.619,4.008,6.68,1.336,0.357,0.81,0.095,0.405,0.476,0.31,0.44,0.169,0.024,0.12,0.157,0.084,0.12,4.762,3.102,0.62,1.861,2.482,2.482,11.787,0
Negative_116,1.272,1.527,2.29,0.763,2.545,12.977,9.16,0.734,0.882,1.322,0.318,0.809,0.061,0.481,0.519,0.267,0.506,0.186,0.005,0.099,0.105,0.094,0.094,0.763,0.78,1.17,0.39,1.3,6.628,4.679,0
Negative_183,2.89,7.225,0.578,3.468,2.312,8.96,10.694,3.06,7.65,0.612,0.272,0.769,0.11,0.387,0.465,0.335,0.419,0.264,0.009,0.183,0.188,0.125,0.177,1.156,3.566,0.285,1.712,1.141,4.423,5.279,0
Positive_114,3.889,5.278,0.278,3.333,6.111,7.222,2.5,3.761,5.104,0.269,0.289,0.814,0.094,0.392,0.447,0.306,0.464,0.265,0.028,0.145,0.206,0.159,0.156,0.556,2.792,0.147,1.763,3.232,3.82,1.322,1
Negative_147,2.64,2.97,1.32,0.99,1.32,6.601,8.251,2.909,3.273,1.455,0.281,0.815,0.076,0.386,0.429,0.33,0.452,0.252,0.01,0.123,0.222,0.182,0.185,1.65,1.481,0.658,0.494,0.658,3.291,4.113,0
Negative_198,0.929,4.025,4.644,1.238,2.477,9.598,7.74,0.635,2.75,3.173,0.297,0.777,0.108,0.443,0.529,0.241,0.511,0.224,0.022,0.183,0.168,0.099,0.121,1.858,2.1,2.423,0.646,1.292,5.008,4.038,0
Negative_221,2.888,4.874,2.166,2.527,3.069,11.191,11.552,2.215,3.738,1.661,0.332,0.791,0.121,0.412,0.482,0.343,0.442,0.201,0.024,0.193,0.17,0.121,0.152,0.722,2.659,1.182,1.379,1.674,6.105,6.302,0
Positive_78,3.351,6.443,0.0,6.443,6.186,3.866,4.381,2.538,4.879,0.0,0.219,0.716,0.149,0.314,0.379,0.379,0.363,0.287,0.039,0.22,0.24,0.152,0.214,1.031,3.144,0.0,3.144,3.018,1.886,2.138,1
Negative_40,2.308,3.462,8.077,2.692,3.077,10.769,8.077,1.587,2.38,5.553,0.335,0.8,0.096,0.365,0.481,0.277,0.435,0.193,0.023,0.147,0.178,0.124,0.127,1.538,1.844,4.302,1.434,1.639,5.736,4.302,0
Negative_119,1.327,4.204,3.097,1.77,3.319,9.956,7.743,1.069,3.388,2.496,0.294,0.816,0.088,0.381,0.454,0.354,0.425,0.217,0.016,0.135,0.188,0.129,0.153,0.664,2.253,1.66,0.949,1.779,5.336,4.15,0
Negative_111,0.604,4.532,0.906,0.302,6.647,14.502,7.251,0.154,1.157,0.231,0.266,0.644,0.166,0.441,0.495,0.272,0.45,0.245,0.085,0.173,0.1,0.133,0.1,2.719,2.281,0.456,0.152,3.345,7.298,3.649,0
Positive_82,4.192,5.09,0.299,3.593,6.287,8.383,4.79,5.604,6.805,0.4,0.257,0.781,0.102,0.35,0.404,0.326,0.41,0.261,0.03,0.15,0.219,0.168,0.186,1.198,2.503,0.147,1.767,3.092,4.123,2.356,1
Negative_170,1.43,3.448,3.785,1.43,3.364,11.522,6.981,1.227,2.958,3.248,0.282,0.807,0.099,0.426,0.498,0.308,0.469,0.235,0.025,0.148,0.158,0.137,0.131,0.168,1.801,1.977,0.747,1.757,6.02,3.647,0
Negative_34,3.548,4.516,0.323,3.871,4.839,7.742,9.677,2.492,3.171,0.227,0.345,0.761,0.126,0.397,0.445,0.339,0.448,0.168,0.029,0.191,0.159,0.136,0.126,6.774,2.433,0.174,2.085,2.607,4.171,5.213,0
Negative_93,2.5,4.375,4.062,2.5,2.5,3.75,7.187,1.544,2.701,2.508,0.244,0.847,0.078,0.278,0.362,0.366,0.353,0.185,0.025,0.097,0.219,0.172,0.157,1.25,2.283,2.119,1.304,1.304,1.957,3.75,0
Positive_108,0.552,7.735,1.105,4.42,0.0,3.315,4.972,0.662,9.275,1.325,0.254,0.796,0.11,0.365,0.453,0.298,0.436,0.294,0.0,0.2,0.233,0.161,0.189,2.21,3.634,0.519,2.076,0.0,1.557,2.336,1
Negative_205,0.809,4.207,4.045,1.942,6.472,12.945,7.282,0.489,2.544,2.446,0.317,0.731,0.108,0.409,0.492,0.236,0.476,0.25,0.036,0.16,0.147,0.146,0.125,0.324,2.096,2.015,0.967,3.224,6.449,3.628,0
Negative_83,0.993,3.974,3.974,3.311,2.98,7.616,6.623,0.948,3.796,3.796,0.225,0.742,0.132,0.334,0.414,0.348,0.368,0.266,0.033,0.199,0.213,0.153,0.193,2.318,1.884,1.884,1.57,1.413,3.611,3.14,0
Negative_31,4.762,5.882,1.961,2.801,7.563,6.162,9.804,3.35,4.138,1.38,0.291,0.748,0.126,0.347,0.426,0.333,0.389,0.228,0.037,0.183,0.183,0.16,0.163,1.681,3.09,1.03,1.471,3.973,3.237,5.15,0
Negative_203,2.952,0.369,8.118,3.69,10.701,3.321,9.225,1.975,0.247,5.432,0.306,0.742,0.085,0.288,0.373,0.292,0.395,0.263,0.041,0.126,0.259,0.241,0.196,0.738,0.191,4.206,1.912,5.545,1.721,4.78,0
Negative_180,1.269,4.372,0.564,3.949,1.834,10.719,18.759,1.056,3.639,0.469,0.464,0.828,0.109,0.592,0.642,0.233,0.622,0.144,0.01,0.194,0.075,0.052,0.068,0.423,2.615,0.337,2.362,1.097,6.41,11.218,0
Positive_165,4.521,6.649,1.33,7.447,4.255,3.457,6.915,5.949,8.749,1.75,0.245,0.761,0.152,0.25,0.33,0.431,0.314,0.293,0.037,0.229,0.283,0.189,0.227,2.128,3.347,0.669,3.749,2.142,1.74,3.481,1
Positive_183,4.832,6.303,2.101,5.672,8.613,5.672,7.353,4.464,5.823,1.941,0.246,0.733,0.128,0.271,0.355,0.374,0.321,0.286,0.04,0.196,0.288,0.196,0.255,0.63,3.129,1.043,2.816,4.276,2.816,3.65,1
Positive_56,4.59,6.25,1.562,3.809,1.953,6.055,5.859,6.14,8.361,2.09,0.261,0.793,0.123,0.318,0.396,0.357,0.382,0.293,0.02,0.201,0.251,0.17,0.212,0.391,3.072,0.768,1.872,0.96,2.976,2.879,1
Positive_137,0.273,5.738,1.913,1.639,1.913,3.279,6.011,0.275,5.79,1.93,0.21,0.787,0.117,0.421,0.497,0.306,0.467,0.26,0.036,0.189,0.173,0.159,0.145,0.546,2.846,0.949,0.813,0.949,1.627,2.982,1
Positive_38,3.969,5.378,1.408,4.225,3.329,4.481,5.378,4.171,5.652,1.48,0.255,0.802,0.115,0.333,0.401,0.396,0.389,0.245,0.014,0.186,0.228,0.165,0.19,0.512,2.839,0.743,2.23,1.757,2.366,2.839,1
Negative_10,2.096,4.316,2.466,2.096,4.809,7.768,10.604,1.549,3.189,1.822,0.282,0.762,0.126,0.393,0.461,0.346,0.433,0.24,0.033,0.181,0.178,0.128,0.147,0.247,2.282,1.304,1.108,2.543,4.108,5.607,0
Negative_132,1.411,4.178,1.139,2.767,4.069,10.364,8.464,1.171,3.467,0.945,0.301,0.778,0.122,0.421,0.474,0.346,0.457,0.264,0.026,0.191,0.183,0.139,0.162,0.271,2.227,0.607,1.475,2.169,5.525,4.512,0
Positive_68,3.846,3.846,2.198,5.495,7.143,5.22,5.495,4.04,4.04,2.309,0.239,0.783,0.104,0.365,0.426,0.36,0.426,0.253,0.019,0.146,0.174,0.14,0.138,0.549,1.99,1.137,2.843,3.696,2.701,2.843,1
Positive_24,2.041,4.082,0.0,2.041,11.224,3.061,4.082,1.31,2.621,0.0,0.245,0.724,0.122,0.286,0.327,0.255,0.408,0.247,0.031,0.216,0.227,0.175,0.186,4.082,1.901,0.0,0.95,5.227,1.425,1.901,1
Positive_199,3.782,3.361,3.361,5.672,7.773,5.672,9.664,3.42,3.039,3.039,0.294,0.773,0.111,0.324,0.391,0.359,0.391,0.225,0.032,0.162,0.217,0.187,0.175,1.05,1.775,1.775,2.996,4.106,2.996,5.104,1
Negative_148,5.814,5.814,2.326,3.488,5.814,4.651,5.814,7.425,7.425,2.971,0.326,0.756,0.14,0.267,0.349,0.326,0.384,0.247,0.047,0.212,0.282,0.188,0.212,8.14,2.935,1.174,1.761,2.935,2.348,2.935,0
Negative_206,5.363,4.101,4.416,8.202,7.256,5.678,3.47,3.657,2.796,3.011,0.227,0.719,0.161,0.227,0.312,0.407,0.293,0.288,0.019,0.228,0.253,0.18,0.222,1.262,2.043,2.2,4.087,3.615,2.829,1.729,0
Negative_126,1.837,6.299,1.312,1.575,4.462,13.911,8.399,1.064,3.649,0.76,0.304,0.724,0.163,0.428,0.504,0.315,0.446,0.263,0.021,0.258,0.155,0.095,0.15,0.787,3.306,0.689,0.827,2.342,7.301,4.408,0
Positive_60,5.201,4.965,0.473,8.511,7.565,4.019,4.492,6.013,5.74,0.547,0.203,0.747,0.144,0.326,0.381,0.397,0.374,0.318,0.036,0.223,0.254,0.197,0.213,0.709,2.478,0.236,4.248,3.776,2.006,2.242,1
Negative_30,0.595,3.77,2.579,4.762,1.389,6.746,6.349,0.267,1.689,1.156,0.266,0.855,0.071,0.345,0.409,0.365,0.397,0.157,0.026,0.093,0.141,0.165,0.115,0.595,2.059,1.408,2.6,0.758,3.684,3.467,0
Positive_155,3.289,5.263,1.974,6.579,6.579,3.947,4.605,4.288,6.862,2.574,0.204,0.743,0.138,0.27,0.342,0.382,0.322,0.318,0.04,0.205,0.272,0.219,0.225,1.974,2.526,0.948,3.158,3.158,1.895,2.211,1
Negative_127,1.592,6.051,3.503,2.866,4.459,3.822,12.102,1.716,6.524,3.777,0.29,0.812,0.083,0.382,0.478,0.283,0.427,0.265,0.013,0.141,0.233,0.169,0.214,0.637,3.017,1.747,1.429,2.224,1.906,6.035,0
Positive_12,2.888,6.459,0.912,5.547,4.939,4.787,4.103,2.415,5.401,0.763,0.208,0.718,0.148,0.306,0.38,0.381,0.353,0.343,0.037,0.227,0.255,0.188,0.224,0.152,3.104,0.438,2.666,2.374,2.301,1.972,1
Positive_7,0.943,4.717,3.774,8.491,10.377,6.604,0.943,0.593,2.965,2.372,0.226,0.66,0.142,0.255,0.34,0.302,0.33,0.333,0.076,0.19,0.314,0.219,0.257,1.887,2.146,1.717,3.863,4.721,3.005,0.429,1
Positive_45,4.587,6.881,1.376,6.422,7.798,3.67,8.257,4.307,6.461,1.292,0.266,0.743,0.147,0.289,0.372,0.362,0.376,0.263,0.014,0.217,0.258,0.152,0.18,1.835,3.54,0.708,3.304,4.012,1.888,4.248,1
Negative_200,2.857,4.286,1.429,2.143,3.571,10.0,11.429,4.001,6.003,2.001,0.3,0.793,0.129,0.336,0.393,0.364,0.371,0.245,0.043,0.194,0.23,0.194,0.194,1.429,2.214,0.738,1.107,1.845,5.167,5.905,0
Negative_124,6.135,6.135,3.681,7.055,2.454,4.294,8.589,8.056,8.056,4.834,0.285,0.828,0.101,0.353,0.451,0.344,0.417,0.249,0.006,0.178,0.228,0.145,0.188,0.613,3.188,1.913,3.666,1.275,2.231,4.463,0
Negative_136,1.149,1.916,0.0,0.383,3.065,9.962,6.897,0.731,1.22,0.0,0.238,0.736,0.138,0.433,0.452,0.383,0.452,0.292,0.031,0.2,0.158,0.142,0.146,1.149,0.97,0.0,0.194,1.552,5.045,3.493,0
Positive_26,4.598,3.831,1.533,5.364,4.215,4.981,4.598,5.172,4.309,1.724,0.188,0.835,0.08,0.398,0.452,0.387,0.418,0.319,0.019,0.135,0.212,0.135,0.2,1.916,2.058,0.824,2.882,2.264,2.676,2.47,1
Positive_70,3.927,6.021,3.141,4.974,6.937,5.366,7.33,3.425,5.252,2.74,0.266,0.758,0.123,0.313,0.404,0.349,0.38,0.256,0.03,0.177,0.227,0.173,0.178,0.524,3.047,1.59,2.517,3.511,2.716,3.71,1
Negative_27,0.581,2.326,3.488,0.581,3.488,19.186,8.721,0.459,1.836,2.753,0.401,0.779,0.076,0.477,0.535,0.203,0.552,0.246,0.006,0.123,0.14,0.105,0.117,1.163,1.188,1.782,0.297,1.782,9.801,4.455,0
Negative_176,0.893,5.357,12.5,3.571,0.893,6.25,6.25,0.833,4.995,11.655,0.312,0.848,0.089,0.348,0.527,0.259,0.42,0.18,0.036,0.117,0.234,0.126,0.18,3.571,2.961,6.908,1.974,0.494,3.454,3.454,0
Negative_228,5.767,5.181,2.639,3.617,8.7,6.647,13.392,3.187,2.863,1.458,0.292,0.717,0.134,0.359,0.437,0.344,0.382,0.242,0.038,0.195,0.188,0.136,0.171,0.391,2.75,1.401,1.92,4.617,3.528,7.107,0
Negative_6,2.268,5.442,0.907,4.989,6.122,5.669,6.122,2.742,6.58,1.097,0.254,0.78,0.107,0.32,0.383,0.351,0.379,0.273,0.027,0.177,0.239,0.195,0.202,0.68,2.702,0.45,2.477,3.04,2.815,3.04,0
Negative_74,6.648,3.324,0.831,1.939,1.939,16.066,9.972,6.147,3.074,0.768,0.41,0.875,0.066,0.496,0.537,0.244,0.548,0.136,0.017,0.111,0.122,0.142,0.092,2.216,1.876,0.469,1.094,1.094,9.067,5.628,0
Positive_23,1.351,5.743,2.365,1.351,1.014,5.743,4.73,1.671,7.103,2.925,0.196,0.76,0.125,0.392,0.473,0.318,0.429,0.312,0.031,0.197,0.18,0.156,0.163,1.351,2.719,1.12,0.64,0.48,2.719,2.239,1
Negative_26,2.308,2.308,2.308,3.077,4.615,1.538,11.538,0.933,0.933,0.933,0.231,0.877,0.069,0.477,0.523,0.308,0.508,0.109,0.0,0.07,0.07,0.07,0.062,2.308,1.394,1.394,1.859,2.788,0.929,6.969,0
Positive_120,7.277,3.521,2.465,7.394,5.282,3.521,5.399,6.125,2.964,2.075,0.227,0.791,0.092,0.279,0.339,0.411,0.319,0.282,0.033,0.136,0.262,0.207,0.23,0.352,1.763,1.235,3.703,2.645,1.763,2.704,1
Negative_164,2.125,5.179,1.992,3.586,3.984,8.101,7.039,2.302,5.611,2.158,0.224,0.77,0.112,0.377,0.449,0.367,0.396,0.258,0.028,0.18,0.198,0.158,0.182,0.398,2.6,1.0,1.8,2.0,4.067,3.534,0
Positive_125,6.122,5.102,2.857,6.531,6.735,5.918,5.714,5.151,4.293,2.404,0.251,0.773,0.104,0.269,0.349,0.382,0.316,0.256,0.031,0.149,0.249,0.2,0.219,0.408,2.625,1.47,3.361,3.466,3.045,2.94,1
Negative_100,2.381,4.762,1.905,1.905,5.238,6.19,8.571,2.254,4.507,1.803,0.29,0.743,0.124,0.367,0.433,0.314,0.443,0.23,0.053,0.177,0.201,0.124,0.144,1.429,2.327,0.931,0.931,2.559,3.024,4.187,0
Negative_102,3.797,4.304,3.038,4.304,8.861,8.608,9.114,3.218,3.647,2.575,0.276,0.752,0.114,0.367,0.441,0.344,0.403,0.244,0.036,0.173,0.16,0.129,0.142,0.759,2.251,1.589,2.251,4.634,4.502,4.766,0
Negative_99,3.053,1.908,3.817,7.634,5.725,5.344,10.687,1.743,1.089,2.179,0.328,0.84,0.065,0.271,0.328,0.397,0.34,0.195,0.011,0.096,0.241,0.241,0.211,1.145,1.066,2.132,4.265,3.198,2.985,5.97,0
Positive_214,5.516,5.516,1.679,4.556,10.072,4.077,5.755,5.918,5.918,1.802,0.194,0.753,0.12,0.333,0.405,0.365,0.355,0.337,0.034,0.173,0.24,0.171,0.224,0.719,2.824,0.86,2.332,5.156,2.087,2.946,1
Positive_124,2.991,4.274,2.564,1.923,3.205,9.615,10.897,2.735,3.909,2.345,0.325,0.81,0.09,0.402,0.47,0.31,0.444,0.206,0.015,0.139,0.169,0.105,0.133,0.427,2.232,1.339,1.004,1.674,5.022,5.691,1
Negative_229,1.639,6.11,1.639,2.235,7.004,9.836,9.687,0.991,3.693,0.991,0.283,0.718,0.143,0.477,0.554,0.249,0.505,0.23,0.028,0.207,0.118,0.094,0.104,0.298,3.16,0.848,1.156,3.623,5.088,5.011,0
Positive_143,3.846,6.154,0.0,3.846,8.462,3.077,7.692,4.109,6.575,0.0,0.262,0.777,0.108,0.3,0.362,0.377,0.346,0.279,0.023,0.178,0.302,0.217,0.256,1.538,3.204,0.0,2.002,4.405,1.602,4.004,1
Negative_158,0.0,0.0,1.266,3.797,1.266,39.241,2.532,0.0,0.0,0.852,0.494,0.937,0.013,0.646,0.658,0.165,0.684,0.064,0.0,0.026,0.026,0.077,0.026,5.063,0.0,0.736,2.207,0.736,22.806,1.472,0
Negative_189,2.059,3.89,0.915,0.915,1.144,7.78,5.034,1.806,3.412,0.803,0.213,0.767,0.096,0.378,0.426,0.325,0.421,0.294,0.016,0.154,0.211,0.135,0.17,3.204,1.783,0.419,0.419,0.524,3.566,2.307,0
Positive_87,1.375,6.873,1.031,3.093,1.375,3.78,4.124,2.042,10.205,1.531,0.22,0.78,0.117,0.402,0.481,0.316,0.436,0.255,0.021,0.193,0.186,0.117,0.169,0.687,3.339,0.501,1.503,0.668,1.836,2.003,1
Positive_6,3.099,6.197,1.69,5.07,7.887,4.225,6.479,2.792,5.583,1.523,0.254,0.738,0.124,0.273,0.352,0.361,0.358,0.305,0.037,0.201,0.294,0.234,0.218,0.845,3.058,0.834,2.502,3.892,2.085,3.197,1
Positive_145,3.053,6.87,1.272,3.817,4.835,3.817,6.107,3.194,7.186,1.331,0.224,0.771,0.112,0.321,0.402,0.359,0.372,0.316,0.02,0.173,0.235,0.168,0.204,0.763,3.402,0.63,1.89,2.394,1.89,3.024,1
Negative_8,3.313,7.362,1.104,3.313,6.503,4.663,9.816,1.351,3.002,0.45,0.277,0.704,0.153,0.337,0.422,0.314,0.404,0.227,0.066,0.198,0.208,0.163,0.154,0.859,3.763,0.564,1.693,3.324,2.383,5.017,0
Positive_99,6.875,16.875,3.125,2.5,7.5,3.125,9.375,3.819,9.375,1.736,0.212,0.625,0.25,0.212,0.412,0.306,0.244,0.308,0.063,0.296,0.321,0.17,0.289,1.25,8.266,1.531,1.225,3.674,1.531,4.592,1
Positive_222,4.645,5.308,2.844,6.161,4.645,4.834,7.583,4.24,4.845,2.596,0.275,0.784,0.112,0.332,0.413,0.345,0.384,0.269,0.024,0.176,0.243,0.17,0.204,0.284,2.714,1.454,3.151,2.375,2.472,3.878,1
Negative_71,2.374,3.264,3.858,3.264,3.264,3.264,8.309,1.262,1.735,2.05,0.252,0.834,0.053,0.318,0.389,0.353,0.374,0.176,0.021,0.071,0.185,0.179,0.146,0.593,1.7,2.009,1.7,1.7,1.7,4.327,0
Positive_132,1.524,5.488,1.524,3.659,2.134,5.488,7.012,1.235,4.446,1.235,0.256,0.811,0.101,0.396,0.466,0.296,0.448,0.248,0.018,0.165,0.196,0.159,0.159,0.915,2.742,0.762,1.828,1.066,2.742,3.504,1
Negative_32,3.067,3.681,1.227,4.908,6.135,4.294,14.11,2.081,2.497,0.832,0.288,0.724,0.129,0.374,0.423,0.301,0.417,0.296,0.031,0.148,0.21,0.228,0.185,2.454,1.784,0.595,2.378,2.973,2.081,6.837,0
Positive_194,2.013,3.803,2.685,4.474,4.698,7.159,8.277,1.579,2.984,2.107,0.262,0.756,0.121,0.318,0.383,0.367,0.367,0.269,0.029,0.179,0.247,0.161,0.215,0.671,1.93,1.363,2.271,2.384,3.633,4.201,1
Negative_224,1.84,2.454,3.988,4.294,1.84,11.043,8.282,1.126,1.502,2.441,0.316,0.893,0.055,0.423,0.488,0.337,0.488,0.148,0.006,0.098,0.148,0.114,0.12,0.613,1.394,2.265,2.439,1.045,6.272,4.704,0
Positive_119,6.535,7.327,0.0,3.366,4.95,1.98,8.119,5.203,5.834,0.0,0.244,0.784,0.115,0.372,0.446,0.305,0.428,0.284,0.026,0.188,0.218,0.169,0.183,1.386,3.686,0.0,1.693,2.49,0.996,4.084,1
Positive_180,5.479,5.479,0.913,8.219,7.306,3.196,5.479,5.869,5.869,0.978,0.164,0.776,0.123,0.324,0.388,0.443,0.342,0.326,0.037,0.188,0.257,0.161,0.239,0.913,2.865,0.477,4.298,3.821,1.671,2.865,1
Negative_68,1.156,1.734,3.468,1.734,2.312,7.514,4.046,0.55,0.825,1.649,0.249,0.884,0.029,0.358,0.41,0.341,0.439,0.169,0.006,0.052,0.163,0.192,0.122,1.156,0.925,1.85,0.925,1.233,4.008,2.158,0
Positive_11,5.279,3.812,2.346,5.279,5.572,3.812,7.625,4.21,3.04,1.871,0.249,0.809,0.091,0.308,0.37,0.396,0.358,0.253,0.018,0.129,0.226,0.194,0.188,1.173,2.03,1.249,2.811,2.967,2.03,4.06,1
Negative_9,2.771,6.236,2.309,5.774,7.39,6.467,5.543,2.161,4.862,1.8,0.252,0.732,0.134,0.303,0.388,0.351,0.36,0.312,0.016,0.201,0.245,0.178,0.213,0.462,3.135,1.161,2.903,3.715,3.251,2.787,0
Positive_101,2.262,7.24,0.905,5.882,4.977,3.62,5.43,1.696,5.427,0.678,0.249,0.701,0.149,0.262,0.344,0.353,0.344,0.277,0.05,0.205,0.245,0.195,0.182,0.905,3.404,0.425,2.765,2.34,1.702,2.553,1
Positive_48,2.192,6.575,1.096,5.753,5.205,10.411,9.315,2.223,6.668,1.112,0.318,0.756,0.137,0.356,0.433,0.307,0.408,0.228,0.033,0.192,0.187,0.154,0.151,1.096,3.265,0.544,2.857,2.585,5.17,4.626,1
Positive_95,4.4,4.8,0.8,3.6,5.8,6.4,10.2,4.84,5.281,0.88,0.338,0.818,0.096,0.37,0.426,0.372,0.404,0.222,0.012,0.168,0.206,0.136,0.188,1.0,2.721,0.454,2.041,3.288,3.629,5.783,1
Positive_100,4.265,8.531,3.791,3.791,6.161,5.687,6.161,2.244,4.489,1.995,0.213,0.701,0.128,0.303,0.427,0.303,0.346,0.243,0.033,0.157,0.2,0.171,0.157,1.422,4.094,1.819,1.819,2.957,2.729,2.957,1
Positive_94,4.855,6.243,1.503,5.665,6.474,4.624,4.162,5.501,7.074,1.703,0.22,0.741,0.133,0.264,0.341,0.38,0.329,0.307,0.041,0.197,0.299,0.216,0.242,0.116,3.053,0.735,2.771,3.166,2.262,2.036,1
Negative_208,1.397,4.655,1.21,2.98,2.514,8.939,9.497,1.091,3.634,0.945,0.308,0.792,0.115,0.408,0.466,0.344,0.452,0.233,0.021,0.158,0.187,0.126,0.156,0.279,2.455,0.638,1.572,1.326,4.714,5.008,0
Negative_60,4.398,4.787,3.234,4.269,5.692,5.821,8.409,4.615,5.023,3.393,0.272,0.779,0.115,0.308,0.388,0.396,0.356,0.268,0.022,0.185,0.263,0.162,0.224,0.388,2.527,1.707,2.253,3.004,3.072,4.438,0
Positive_211,3.989,2.128,1.862,11.702,1.862,5.319,6.649,1.464,0.781,0.683,0.285,0.926,0.029,0.269,0.309,0.41,0.367,0.147,0.005,0.053,0.195,0.221,0.128,0.532,1.19,1.042,6.546,1.042,2.975,3.719,1
Positive_141,3.846,5.656,0.0,6.787,4.751,4.751,7.24,3.268,4.805,0.0,0.251,0.76,0.133,0.344,0.4,0.342,0.403,0.283,0.029,0.211,0.193,0.193,0.154,1.584,2.811,0.0,3.374,2.362,2.362,3.599,1
Negative_24,6.349,4.762,5.159,1.587,3.175,3.175,9.127,4.956,3.717,4.027,0.234,0.778,0.099,0.31,0.409,0.341,0.357,0.215,0.032,0.127,0.163,0.199,0.135,1.19,2.334,2.528,0.778,1.556,1.556,4.473,0
Negative_161,3.236,2.913,3.883,6.472,4.207,3.883,10.356,1.868,1.682,2.242,0.34,0.874,0.049,0.288,0.356,0.372,0.372,0.136,0.016,0.075,0.169,0.218,0.133,0.647,1.665,2.219,3.699,2.404,2.219,5.919,0
Positive_69,4.63,6.019,2.315,7.407,6.713,3.704,3.241,4.981,6.476,2.491,0.222,0.771,0.123,0.301,0.384,0.373,0.361,0.318,0.023,0.19,0.278,0.151,0.227,1.157,3.066,1.179,3.773,3.419,1.887,1.651,1
Negative_56,2.876,5.31,2.876,2.876,3.982,5.31,7.743,2.856,5.273,2.856,0.279,0.792,0.115,0.343,0.425,0.33,0.407,0.244,0.018,0.182,0.228,0.169,0.182,0.885,2.7,1.462,1.462,2.025,2.7,3.937,0
Positive_142,1.961,3.268,0.654,5.556,9.477,2.941,5.556,1.788,2.98,0.596,0.183,0.676,0.147,0.268,0.307,0.379,0.304,0.328,0.049,0.193,0.292,0.233,0.262,0.654,1.487,0.298,2.528,4.312,1.338,2.528,1
Negative_197,2.424,2.121,2.121,2.424,0.303,8.485,8.485,1.406,1.23,1.23,0.261,0.891,0.039,0.427,0.47,0.352,0.47,0.17,0.015,0.058,0.122,0.112,0.103,0.909,1.123,1.123,1.283,0.16,4.491,4.491,0
Negative_41,1.773,3.901,1.064,3.546,1.064,17.376,8.156,0.991,2.18,0.595,0.348,0.83,0.078,0.486,0.535,0.273,0.518,0.16,0.011,0.117,0.093,0.096,0.078,0.709,2.069,0.564,1.881,0.564,9.218,4.327,0
Positive_171,7.748,6.715,0.723,3.616,4.029,6.095,6.612,6.697,5.804,0.625,0.301,0.794,0.118,0.334,0.408,0.34,0.408,0.252,0.022,0.162,0.216,0.159,0.175,0.413,3.487,0.375,1.878,2.092,3.165,3.433,1
Negative_57,1.828,6.005,12.01,1.567,1.567,9.661,3.916,1.478,4.854,9.709,0.24,0.822,0.097,0.376,0.556,0.266,0.423,0.254,0.024,0.144,0.22,0.081,0.181,0.522,3.234,6.467,0.844,0.844,5.202,2.109,0
Positive_178,0.495,4.455,1.485,1.98,2.475,4.95,5.446,0.564,5.074,1.691,0.228,0.812,0.089,0.356,0.416,0.356,0.411,0.269,0.01,0.149,0.194,0.159,0.144,0.99,2.222,0.741,0.987,1.234,2.469,2.716,1
Positive_113,4.8,5.067,1.333,4.533,8.8,4.533,4.533,4.246,4.482,1.179,0.211,0.72,0.152,0.267,0.331,0.387,0.339,0.332,0.048,0.209,0.289,0.211,0.241,1.067,2.489,0.655,2.227,4.323,2.227,2.227,1
Positive_205,3.147,6.061,1.981,6.294,7.576,5.361,5.128,2.786,5.366,1.754,0.228,0.74,0.133,0.302,0.382,0.366,0.345,0.299,0.028,0.201,0.247,0.186,0.217,0.233,3.041,0.994,3.158,3.801,2.69,2.573,1
Negative_49,5.556,1.852,3.704,1.852,11.111,7.407,5.556,3.854,1.285,2.57,0.185,0.722,0.074,0.333,0.389,0.333,0.333,0.472,0.019,0.132,0.302,0.17,0.302,3.704,0.9,1.801,0.9,5.401,3.601,2.701,0
Positive_21,2.228,4.98,1.704,6.029,9.305,4.325,6.291,2.113,4.723,1.616,0.216,0.754,0.11,0.328,0.394,0.367,0.363,0.269,0.039,0.16,0.23,0.164,0.205,0.262,2.534,0.867,3.067,4.734,2.2,3.2,1
Positive_217,3.319,7.08,1.77,6.416,7.965,4.204,4.867,3.376,7.202,1.801,0.246,0.748,0.117,0.312,0.4,0.314,0.372,0.275,0.033,0.175,0.251,0.195,0.208,1.106,3.48,0.87,3.153,3.915,2.066,2.392,1
Positive_62,4.114,5.903,0.358,5.009,3.399,5.188,5.903,4.353,6.247,0.379,0.218,0.809,0.104,0.349,0.411,0.385,0.392,0.287,0.022,0.176,0.228,0.167,0.185,0.716,3.047,0.185,2.585,1.754,2.678,3.047,1
Negative_94,1.426,4.684,1.629,3.055,3.666,8.758,5.499,1.707,5.606,1.95,0.251,0.774,0.108,0.373,0.436,0.34,0.411,0.269,0.027,0.169,0.206,0.137,0.188,1.018,2.28,0.793,1.487,1.784,4.262,2.676,0
Negative_54,2.202,4.954,4.771,1.835,4.587,6.055,8.073,1.172,2.637,2.54,0.284,0.725,0.141,0.352,0.45,0.264,0.437,0.221,0.037,0.18,0.167,0.165,0.127,0.55,2.494,2.402,0.924,2.309,3.049,4.065,0
Negative_18,1.349,4.046,2.312,1.156,5.202,9.249,8.671,0.71,2.13,1.217,0.26,0.751,0.119,0.372,0.435,0.349,0.414,0.255,0.027,0.147,0.178,0.153,0.147,0.578,2.097,1.198,0.599,2.696,4.793,4.494,0
Positive_123,4.058,4.058,6.667,4.638,8.696,9.275,6.667,3.704,3.704,6.086,0.31,0.786,0.099,0.359,0.467,0.272,0.417,0.247,0.029,0.14,0.203,0.148,0.169,0.58,2.145,3.524,2.451,4.596,4.902,3.524,1
Negative_11,3.774,2.642,5.66,9.434,3.396,6.038,3.396,1.858,1.301,2.787,0.264,0.826,0.072,0.219,0.302,0.362,0.313,0.182,0.011,0.11,0.235,0.212,0.178,1.132,1.36,2.914,4.856,1.748,3.108,1.748,0
Negative_146,1.887,0.629,3.145,3.774,2.516,6.918,9.434,1.077,0.359,1.795,0.289,0.899,0.038,0.434,0.472,0.289,0.472,0.12,0.006,0.07,0.101,0.108,0.089,1.887,0.345,1.727,2.072,1.381,3.798,5.179,0
Negative_42,5.882,5.477,3.043,2.028,4.462,5.68,9.128,5.888,5.482,3.046,0.286,0.815,0.099,0.298,0.383,0.398,0.363,0.27,0.022,0.152,0.24,0.203,0.205,0.609,2.969,1.649,1.099,2.419,3.079,4.948,0
Positive_219,4.248,4.575,2.614,5.556,5.556,5.882,6.536,4.483,4.828,2.759,0.242,0.81,0.101,0.297,0.369,0.389,0.353,0.256,0.026,0.157,0.22,0.197,0.184,1.307,2.38,1.36,2.89,2.89,3.06,3.4,1
Positive_52,10.334,5.775,1.52,7.599,6.991,3.04,5.471,9.842,5.5,1.448,0.243,0.787,0.119,0.264,0.337,0.419,0.325,0.271,0.04,0.174,0.284,0.216,0.216,0.608,3.044,0.801,4.006,3.685,1.603,2.884,1
Negative_162,3.145,3.459,3.459,5.346,0.943,5.346,7.233,1.689,1.858,1.858,0.292,0.899,0.044,0.321,0.39,0.362,0.403,0.167,0.006,0.082,0.167,0.192,0.126,1.887,1.913,1.913,2.957,0.522,2.957,4.0,0
Negative_88,1.794,5.22,2.447,1.142,6.199,8.483,13.703,1.033,3.005,1.409,0.336,0.739,0.122,0.38,0.457,0.3,0.427,0.216,0.041,0.152,0.18,0.124,0.158,0.653,2.737,1.283,0.599,3.251,4.448,7.185,0
Negative_153,1.186,5.085,2.034,2.712,4.237,13.559,9.831,0.644,2.763,1.105,0.308,0.734,0.129,0.436,0.507,0.286,0.463,0.256,0.034,0.183,0.156,0.132,0.144,0.339,2.58,1.032,1.376,2.15,6.88,4.988,0
Positive_16,1.948,5.195,1.299,3.896,9.091,4.545,4.545,1.873,4.995,1.249,0.247,0.695,0.11,0.279,0.344,0.286,0.331,0.294,0.052,0.157,0.288,0.242,0.248,3.247,2.386,0.597,1.789,4.175,2.087,2.087,1
Positive_148,3.288,6.301,1.644,6.301,5.616,5.342,4.932,3.711,7.112,1.856,0.256,0.749,0.136,0.332,0.411,0.327,0.407,0.28,0.026,0.221,0.244,0.167,0.192,0.685,3.073,0.802,3.073,2.739,2.605,2.405,1
Negative_191,2.064,2.523,2.752,4.358,1.835,3.44,10.321,1.087,1.328,1.449,0.259,0.885,0.055,0.376,0.429,0.349,0.42,0.145,0.018,0.078,0.122,0.154,0.106,0.459,1.356,1.479,2.342,0.986,1.849,5.547,0
Positive_111,5.704,4.991,0.891,4.991,3.565,8.556,4.278,5.838,5.108,0.912,0.289,0.818,0.102,0.399,0.458,0.319,0.449,0.245,0.02,0.18,0.204,0.146,0.175,0.713,2.597,0.464,2.597,1.855,4.453,2.226,1
Negative_235,2.239,1.741,5.97,3.483,6.468,3.234,11.443,1.341,1.043,3.575,0.316,0.721,0.114,0.303,0.381,0.291,0.418,0.237,0.04,0.17,0.259,0.229,0.16,1.741,0.858,2.941,1.716,3.187,1.593,5.638,0
Positive_109,2.985,6.468,0.0,7.463,5.473,4.975,7.463,2.465,5.341,0.0,0.244,0.791,0.119,0.368,0.433,0.368,0.418,0.265,0.02,0.2,0.175,0.12,0.15,1.99,3.396,0.0,3.919,2.874,2.612,3.919,1
Positive_63,1.878,5.634,0.939,7.042,5.634,2.817,4.225,2.004,6.013,1.002,0.192,0.742,0.141,0.315,0.38,0.366,0.376,0.288,0.061,0.193,0.222,0.179,0.198,1.408,2.729,0.455,3.411,2.729,1.365,2.047,1
Positive_166,6.951,7.399,0.448,4.484,4.484,2.018,6.278,8.315,8.85,0.536,0.238,0.796,0.121,0.339,0.417,0.314,0.401,0.312,0.018,0.216,0.254,0.153,0.207,0.673,3.628,0.22,2.199,2.199,0.99,3.079,1
Negative_173,3.11,3.828,1.914,4.785,3.828,6.459,13.158,2.935,3.613,1.807,0.349,0.823,0.093,0.344,0.402,0.364,0.416,0.194,0.017,0.151,0.216,0.158,0.168,0.718,2.065,1.033,2.582,2.065,3.485,7.099,0
Negative_220,3.646,4.688,1.562,4.167,4.948,10.677,10.417,2.942,3.782,1.26,0.32,0.766,0.156,0.37,0.432,0.393,0.406,0.269,0.031,0.235,0.23,0.12,0.211,0.781,2.64,0.88,2.347,2.786,6.013,5.866,0
Negative_2,1.027,5.137,10.274,4.11,6.507,6.849,3.767,0.767,3.836,7.673,0.243,0.781,0.116,0.284,0.438,0.325,0.329,0.265,0.021,0.158,0.265,0.144,0.223,2.74,2.764,5.529,2.212,3.502,3.686,2.027,0
Negative_184,2.913,1.942,1.942,0.0,6.796,6.796,11.65,0.896,0.597,0.597,0.282,0.67,0.233,0.369,0.408,0.417,0.408,0.235,0.039,0.176,0.098,0.118,0.098,4.854,1.123,1.123,0.0,3.931,3.931,6.739,0
Positive_15,4.011,4.011,3.152,7.163,7.163,4.298,3.725,3.756,3.756,2.951,0.186,0.794,0.112,0.312,0.384,0.41,0.35,0.325,0.023,0.172,0.23,0.19,0.21,1.719,2.131,1.675,3.806,3.806,2.284,1.979,1
Positive_197,2.797,5.245,1.748,5.594,6.993,3.846,5.245,3.421,6.416,2.138,0.192,0.766,0.126,0.36,0.43,0.357,0.395,0.298,0.032,0.193,0.204,0.193,0.182,1.049,2.611,0.87,2.785,3.481,1.915,2.611,1
Positive_47,3.896,4.044,1.682,6.375,6.287,4.28,5.756,3.284,3.408,1.418,0.259,0.768,0.11,0.328,0.385,0.359,0.368,0.248,0.027,0.165,0.209,0.175,0.185,0.059,2.018,0.839,3.182,3.138,2.136,2.873,1
Positive_105,5.23,7.741,0.628,5.858,4.812,6.695,6.695,5.209,7.71,0.625,0.285,0.77,0.138,0.337,0.421,0.32,0.416,0.26,0.027,0.224,0.231,0.18,0.178,0.628,3.92,0.318,2.966,2.437,3.39,3.39,1
Positive_44,5.306,4.946,2.878,3.867,3.777,6.655,9.712,3.497,3.259,1.897,0.263,0.779,0.123,0.33,0.408,0.368,0.379,0.241,0.021,0.173,0.205,0.158,0.173,0.45,2.577,1.5,2.015,1.968,3.467,5.06,1
Positive_133,1.747,2.62,0.0,3.93,3.057,7.424,6.55,1.929,2.893,0.0,0.231,0.742,0.118,0.371,0.397,0.323,0.424,0.294,0.044,0.175,0.202,0.145,0.171,1.31,1.203,0.0,1.805,1.404,3.409,3.008,1
Positive_98,0.0,0.0,2.273,2.273,0.0,9.091,6.818,0.0,0.0,5.647,0.295,0.818,0.068,0.455,0.477,0.273,0.477,0.209,0.023,0.116,0.14,0.163,0.14,4.545,0.0,0.968,0.968,0.0,3.873,2.905,1
Negative_106,1.445,3.852,1.445,0.321,2.247,9.952,4.494,1.172,3.124,1.172,0.201,0.806,0.116,0.499,0.552,0.318,0.51,0.268,0.023,0.19,0.13,0.082,0.124,0.321,2.019,0.757,0.168,1.178,5.216,2.355,0
Negative_215,2.163,3.328,0.832,2.496,5.324,12.812,13.478,1.583,2.435,0.609,0.366,0.775,0.108,0.484,0.526,0.301,0.511,0.183,0.038,0.153,0.11,0.107,0.092,0.333,1.828,0.457,1.371,2.925,7.038,7.404,0
Positive_187,3.333,3.333,6.667,1.667,13.333,8.333,6.667,1.473,1.473,2.947,0.367,0.75,0.05,0.317,0.417,0.217,0.45,0.169,0.017,0.085,0.186,0.051,0.136,8.333,1.803,3.606,0.902,7.211,4.507,3.606,1
Negative_185,2.439,1.626,1.626,1.626,2.439,8.943,6.504,2.821,1.881,1.881,0.285,0.821,0.057,0.366,0.398,0.325,0.439,0.246,0.041,0.074,0.189,0.172,0.131,2.439,0.798,0.798,0.798,1.196,4.387,3.191,0
Positive_9,5.119,3.413,2.389,7.167,5.802,4.778,3.754,2.753,1.835,1.285,0.28,0.816,0.096,0.229,0.287,0.355,0.352,0.202,0.021,0.161,0.281,0.226,0.188,1.365,1.784,1.249,3.746,3.033,2.498,1.962,1
Positive_154,4.006,5.609,2.244,3.365,6.25,5.288,2.885,3.442,4.819,1.928,0.234,0.744,0.133,0.282,0.361,0.364,0.349,0.276,0.039,0.199,0.254,0.213,0.205,0.321,2.776,1.111,1.666,3.094,2.617,1.428,1
Negative_23,4.474,6.579,2.105,5.0,2.105,5.0,10.789,5.617,8.26,2.643,0.313,0.818,0.118,0.35,0.437,0.353,0.418,0.248,0.018,0.198,0.206,0.156,0.161,0.526,3.496,1.118,2.657,1.118,2.657,5.732,0
Positive_43,4.036,4.036,0.897,6.278,5.381,5.83,8.52,4.148,4.148,0.922,0.265,0.803,0.103,0.296,0.345,0.404,0.368,0.266,0.032,0.176,0.212,0.203,0.171,0.897,2.026,0.45,3.152,2.702,2.927,4.278,1
Positive_159,3.03,5.628,1.299,5.195,8.225,2.597,5.628,3.757,6.978,1.611,0.229,0.719,0.121,0.247,0.316,0.381,0.307,0.287,0.043,0.178,0.291,0.252,0.243,1.299,2.674,0.617,2.469,3.908,1.234,2.674,1
Positive_76,4.785,3.828,1.435,6.699,8.612,5.263,2.871,5.734,4.587,1.72,0.23,0.77,0.115,0.273,0.325,0.402,0.34,0.332,0.029,0.173,0.312,0.25,0.26,1.435,1.94,0.727,3.395,4.364,2.667,1.455,1
Positive_85,4.077,4.285,1.382,7.049,8.708,5.46,4.354,3.737,3.928,1.267,0.227,0.749,0.117,0.301,0.358,0.393,0.347,0.305,0.038,0.17,0.258,0.202,0.227,0.484,2.139,0.69,3.519,4.347,2.726,2.173,1
Positive_170,6.383,6.383,0.0,4.255,11.915,4.255,5.957,5.271,5.271,0.0,0.213,0.698,0.115,0.264,0.328,0.379,0.306,0.329,0.038,0.167,0.308,0.192,0.269,1.277,3.029,0.0,2.019,5.655,2.019,2.827,1
Negative_138,3.147,4.196,2.098,0.35,3.497,6.643,8.741,1.191,1.588,0.794,0.266,0.685,0.164,0.353,0.416,0.339,0.395,0.249,0.042,0.204,0.182,0.147,0.165,1.748,2.106,1.053,0.176,1.755,3.334,4.386,0
Positive_86,2.113,7.394,0.352,3.873,1.761,5.634,4.577,1.926,6.74,0.321,0.187,0.796,0.113,0.405,0.482,0.349,0.437,0.297,0.018,0.201,0.205,0.127,0.173,1.056,3.702,0.176,1.939,0.882,2.821,2.292,1
Negative_101,4.86,4.982,2.309,4.253,4.131,7.533,12.394,4.291,4.399,2.039,0.339,0.825,0.106,0.418,0.491,0.343,0.45,0.207,0.01,0.187,0.186,0.108,0.169,0.608,2.888,1.338,2.465,2.395,4.366,7.184,0
Negative_35,1.211,3.39,1.695,5.811,2.179,10.896,7.506,0.744,2.082,1.041,0.303,0.823,0.09,0.448,0.499,0.291,0.499,0.189,0.019,0.126,0.143,0.148,0.112,0.726,1.815,0.907,3.111,1.167,5.833,4.018,0
Positive_149,2.736,4.975,1.741,6.219,6.716,4.478,5.473,3.761,6.838,2.393,0.276,0.794,0.112,0.331,0.398,0.336,0.408,0.242,0.025,0.18,0.232,0.17,0.17,0.498,2.559,0.896,3.199,3.454,2.303,2.815,1
Negative_3,1.078,5.603,1.94,2.371,3.879,6.897,8.405,1.08,5.611,1.943,0.241,0.754,0.134,0.338,0.414,0.366,0.397,0.305,0.017,0.199,0.24,0.156,0.199,1.078,2.78,0.963,1.177,1.925,3.423,4.171,0
Negative_128,3.485,4.377,1.785,4.207,4.972,7.31,11.262,3.239,4.068,1.659,0.314,0.785,0.11,0.365,0.427,0.362,0.411,0.233,0.023,0.169,0.195,0.153,0.168,0.127,2.319,0.946,2.229,2.635,3.874,5.968,0
Positive_168,7.4,4.554,0.569,6.262,3.036,4.554,8.349,8.685,5.345,0.668,0.298,0.827,0.091,0.425,0.476,0.343,0.471,0.241,0.006,0.156,0.181,0.118,0.156,0.569,2.416,0.302,3.322,1.611,2.416,4.43,1
Positive_51,3.534,5.654,0.0,5.654,3.18,7.42,4.594,3.408,5.452,0.0,0.269,0.77,0.124,0.318,0.375,0.364,0.399,0.238,0.025,0.202,0.206,0.195,0.149,1.06,2.824,0.0,2.824,1.588,3.706,2.295,1
Negative_110,1.068,3.846,2.35,1.923,3.205,10.043,13.034,0.762,2.745,1.677,0.34,0.803,0.081,0.483,0.545,0.265,0.515,0.227,0.017,0.137,0.191,0.111,0.165,0.427,2.075,1.268,1.038,1.73,5.42,7.034,0
Negative_226,0.81,2.969,1.484,1.215,4.723,15.115,8.367,0.568,2.081,1.04,0.331,0.794,0.1,0.456,0.501,0.309,0.489,0.204,0.018,0.147,0.131,0.119,0.119,0.54,1.611,0.805,0.659,2.563,8.203,4.541,0
Positive_175,5.03,4.734,0.0,3.846,7.692,4.438,7.692,5.645,5.313,0.0,0.228,0.817,0.086,0.379,0.426,0.358,0.423,0.315,0.009,0.163,0.202,0.16,0.178,0.888,2.49,0.0,2.023,4.045,2.334,4.045,1
Positive_193,4.202,5.882,1.681,4.202,6.723,4.202,10.924,3.48,4.871,1.392,0.294,0.748,0.134,0.277,0.353,0.37,0.361,0.288,0.059,0.195,0.271,0.195,0.246,4.202,3.026,0.865,2.162,3.459,2.162,5.62,1
Negative_209,2.041,1.633,4.082,4.898,3.265,3.265,7.755,0.918,0.734,1.835,0.273,0.869,0.053,0.302,0.359,0.335,0.388,0.172,0.008,0.09,0.201,0.184,0.156,1.224,0.866,2.166,2.598,1.732,1.732,4.114,0
Positive_67,1.103,8.456,0.0,4.412,8.824,3.309,5.515,0.952,7.299,0.0,0.213,0.699,0.169,0.312,0.397,0.357,0.357,0.299,0.041,0.225,0.232,0.192,0.196,1.471,4.186,0.0,2.184,4.368,1.638,2.73,1
Positive_88,6.517,5.703,2.444,3.259,7.332,4.684,6.925,5.722,5.007,2.146,0.261,0.752,0.118,0.295,0.377,0.342,0.356,0.261,0.027,0.178,0.245,0.165,0.2,1.018,2.822,1.209,1.613,3.628,2.318,3.427,1
Positive_207,5.603,4.629,0.0,5.359,6.456,3.41,9.988,4.429,3.659,0.0,0.287,0.794,0.101,0.376,0.423,0.354,0.435,0.228,0.024,0.154,0.183,0.151,0.143,0.244,2.44,0.0,2.825,3.403,1.797,5.265,1
Negative_160,2.74,5.479,2.74,2.74,6.849,4.11,9.589,1.863,3.725,1.863,0.26,0.685,0.192,0.342,0.425,0.356,0.37,0.278,0.014,0.278,0.236,0.139,0.208,5.479,2.767,1.384,1.384,3.459,2.076,4.843,0
Positive_151,3.604,4.054,0.45,3.153,2.252,6.757,8.108,3.526,3.967,0.44,0.257,0.766,0.113,0.351,0.396,0.369,0.396,0.317,0.032,0.176,0.208,0.186,0.176,0.901,1.945,0.216,1.512,1.08,3.241,3.889,1
Positive_28,3.896,4.906,1.876,7.792,6.926,5.483,5.916,3.818,4.807,1.838,0.238,0.753,0.127,0.307,0.375,0.397,0.351,0.272,0.036,0.173,0.233,0.194,0.211,0.433,2.495,0.954,3.963,3.523,2.789,3.009,1
Negative_217,7.299,0.73,10.949,2.19,0.73,5.109,18.248,7.753,0.775,11.629,0.438,0.934,0.022,0.438,0.555,0.234,0.54,0.154,0.0,0.044,0.162,0.147,0.11,2.92,0.431,6.471,1.294,0.431,3.02,10.786,0
Negative_166,1.681,3.361,1.681,3.782,6.723,12.185,13.445,1.205,2.408,1.205,0.387,0.777,0.088,0.391,0.441,0.324,0.445,0.139,0.038,0.122,0.135,0.165,0.11,0.84,1.823,0.912,2.051,3.646,6.607,7.291,0
Negative_171,5.696,2.532,4.43,5.063,5.696,3.165,12.025,7.6,3.378,5.911,0.297,0.816,0.063,0.31,0.38,0.304,0.399,0.204,0.006,0.121,0.21,0.204,0.146,5.063,1.242,2.172,2.483,2.793,1.552,5.897,0
Negative_13,3.688,5.857,6.941,2.603,3.471,3.037,9.761,4.281,6.799,8.057,0.18,0.779,0.134,0.295,0.423,0.445,0.312,0.363,0.03,0.213,0.304,0.143,0.287,0.651,3.081,3.652,1.369,1.826,1.598,5.135,0
Positive_22,6.122,1.02,3.061,7.143,0.0,2.041,8.163,2.208,0.368,1.104,0.327,0.959,0.031,0.286,0.327,0.459,0.357,0.144,0.0,0.062,0.165,0.186,0.124,2.041,0.666,1.999,4.665,0.0,1.333,5.331,1
Negative_175,0.735,3.676,2.206,1.961,4.412,11.275,8.333,0.423,2.117,1.27,0.299,0.755,0.115,0.39,0.449,0.316,0.431,0.231,0.017,0.174,0.162,0.162,0.13,0.49,1.879,1.128,1.002,2.255,5.764,4.26,0
Negative_97,1.333,2.667,1.333,4.333,3.667,3.667,5.0,1.118,2.237,1.118,0.27,0.87,0.053,0.387,0.427,0.32,0.463,0.227,0.003,0.104,0.184,0.161,0.144,1.333,1.41,0.705,2.291,1.939,1.939,2.644,0
Positive_35,1.562,3.125,0.0,5.469,10.938,10.156,3.906,0.845,1.69,0.0,0.32,0.711,0.117,0.227,0.258,0.352,0.32,0.181,0.063,0.157,0.268,0.276,0.205,4.688,1.533,0.0,2.683,5.366,4.982,1.916,1
Positive_96,2.953,8.465,1.378,4.528,9.252,4.134,4.528,2.332,6.684,1.088,0.187,0.681,0.195,0.285,0.384,0.362,0.331,0.321,0.03,0.262,0.258,0.181,0.219,0.394,4.216,0.686,2.255,4.608,2.059,2.255,1
Positive_65,4.153,7.348,0.319,5.272,2.875,7.188,6.39,3.775,6.68,0.29,0.265,0.794,0.117,0.399,0.476,0.35,0.439,0.274,0.027,0.197,0.187,0.136,0.157,0.639,3.861,0.168,2.77,1.511,3.777,3.358,1
Negative_140,3.871,3.226,0.645,4.194,1.613,10.323,15.806,2.919,2.433,0.486,0.461,0.874,0.094,0.532,0.571,0.306,0.581,0.11,0.006,0.142,0.107,0.104,0.084,0.645,2.033,0.406,2.643,1.016,6.505,9.96,0
Negative_115,2.747,4.67,3.022,2.747,10.44,7.418,13.187,0.949,1.613,1.044,0.321,0.676,0.159,0.374,0.451,0.297,0.42,0.24,0.05,0.171,0.198,0.14,0.163,0.824,2.49,1.611,1.465,5.567,3.955,7.032,0
Negative_236,1.719,4.404,0.752,2.685,5.478,12.889,12.03,1.14,2.919,0.499,0.348,0.802,0.108,0.446,0.497,0.348,0.474,0.21,0.027,0.165,0.174,0.133,0.152,0.215,2.575,0.44,1.57,3.203,7.536,7.034,0
Positive_164,2.167,9.288,0.929,7.43,8.05,1.858,7.43,2.324,9.96,0.996,0.232,0.7,0.161,0.294,0.396,0.347,0.353,0.298,0.034,0.211,0.248,0.193,0.202,1.238,4.479,0.448,3.583,3.882,0.896,3.583,1
Positive_163,1.579,4.474,2.105,2.368,2.105,8.158,7.105,1.801,5.104,2.402,0.287,0.821,0.095,0.371,0.437,0.339,0.442,0.264,0.013,0.166,0.179,0.142,0.14,1.053,2.287,1.076,1.21,1.076,4.17,3.632,1
Positive_196,2.559,5.527,1.535,4.504,5.732,6.755,8.393,2.351,5.078,1.41,0.304,0.772,0.124,0.329,0.399,0.357,0.396,0.22,0.039,0.182,0.2,0.162,0.164,0.205,2.89,0.803,2.355,2.997,3.532,4.388,1
Negative_219,2.934,3.912,5.379,5.623,5.868,4.645,7.09,1.52,2.026,2.786,0.254,0.802,0.081,0.296,0.389,0.362,0.355,0.194,0.034,0.108,0.174,0.167,0.145,0.733,2.046,2.813,2.941,3.069,2.429,3.708,0
Negative_207,3.846,4.231,0.385,8.846,6.923,3.846,7.692,3.778,4.156,0.378,0.238,0.731,0.115,0.281,0.327,0.392,0.342,0.27,0.05,0.174,0.251,0.239,0.212,1.538,1.972,0.179,4.122,3.226,1.792,3.585,0
Negative_91,3.756,5.164,4.225,2.817,10.329,9.39,4.695,1.805,2.482,2.031,0.258,0.695,0.141,0.235,0.329,0.385,0.296,0.245,0.075,0.179,0.274,0.226,0.222,0.939,2.723,2.228,1.486,5.447,4.952,2.476,0
Positive_204,4.304,4.605,1.702,6.707,4.404,7.007,9.209,4.328,4.63,1.711,0.292,0.806,0.11,0.342,0.405,0.381,0.396,0.237,0.017,0.167,0.206,0.16,0.18,0.3,2.433,0.899,3.543,2.326,3.701,4.865,1
Positive_39,4.715,2.73,1.737,3.474,7.94,7.444,8.189,3.563,2.063,1.312,0.268,0.752,0.104,0.305,0.35,0.395,0.365,0.259,0.03,0.149,0.224,0.209,0.194,1.489,1.399,0.89,1.78,4.068,3.814,4.196,1
Positive_74,5.797,6.522,2.174,10.87,7.246,2.174,5.797,6.473,7.283,2.428,0.174,0.71,0.203,0.261,0.348,0.449,0.283,0.343,0.029,0.277,0.27,0.102,0.27,2.174,3.262,1.087,5.436,3.624,1.087,2.899,1
Negative_168,4.878,8.293,1.951,2.439,4.39,4.878,14.146,3.719,6.323,1.488,0.293,0.751,0.156,0.337,0.439,0.341,0.385,0.255,0.049,0.196,0.221,0.127,0.191,5.366,4.384,1.031,1.289,2.321,2.579,7.478,0
Positive_27,4.598,6.897,2.299,5.747,8.046,8.046,5.747,2.6,3.9,1.3,0.241,0.747,0.08,0.299,0.391,0.287,0.356,0.174,0.035,0.128,0.221,0.186,0.163,6.897,3.295,1.098,2.746,3.844,3.844,2.746,1
Positive_144,3.046,4.569,0.508,4.061,3.046,6.599,5.076,3.246,4.868,0.541,0.284,0.807,0.102,0.36,0.411,0.35,0.416,0.235,0.02,0.168,0.194,0.148,0.163,1.523,2.376,0.264,2.112,1.584,3.432,2.64,1
Positive_192,5.263,7.121,0.619,6.811,8.359,3.87,5.418,3.462,4.685,0.407,0.22,0.726,0.147,0.325,0.402,0.376,0.359,0.299,0.048,0.198,0.231,0.157,0.214,0.774,3.693,0.321,3.532,4.334,2.007,2.809,1
Negative_182,0.955,6.205,0.716,1.671,5.489,9.547,10.024,0.533,3.463,0.4,0.286,0.702,0.153,0.387,0.456,0.337,0.411,0.292,0.026,0.222,0.199,0.122,0.187,0.716,3.09,0.357,0.832,2.734,4.755,4.992,0
Negative_36,3.419,3.846,4.701,2.564,11.966,3.419,8.974,1.897,2.134,2.608,0.252,0.722,0.111,0.312,0.397,0.346,0.333,0.258,0.043,0.155,0.202,0.189,0.189,1.282,2.012,2.459,1.341,6.26,1.789,4.695,0
Negative_69,3.65,3.65,4.38,0.973,3.893,7.056,9.002,2.036,2.036,2.443,0.268,0.766,0.131,0.328,0.409,0.377,0.365,0.239,0.017,0.183,0.207,0.161,0.18,0.487,1.931,2.317,0.515,2.059,3.732,4.762,0
Positive_46,3.133,5.301,1.928,6.265,2.892,7.229,5.783,4.098,6.934,2.522,0.258,0.776,0.133,0.313,0.386,0.388,0.366,0.258,0.024,0.208,0.227,0.167,0.176,0.964,2.672,0.972,3.158,1.458,3.643,2.915,1
Positive_40,3.175,4.762,1.587,5.291,8.466,4.762,4.762,3.524,5.285,1.761,0.196,0.751,0.127,0.36,0.423,0.381,0.392,0.255,0.059,0.17,0.176,0.117,0.165,3.704,2.465,0.821,2.738,4.382,2.465,2.465,1
Positive_162,1.739,3.478,0.0,4.348,5.217,6.087,7.826,1.728,3.456,0.0,0.322,0.826,0.104,0.487,0.522,0.296,0.539,0.184,0.0,0.175,0.096,0.105,0.07,1.739,1.92,0.0,2.401,2.88,3.361,4.321,1
Positive_209,3.692,5.231,1.846,4.615,6.154,7.692,4.923,5.023,7.117,2.512,0.249,0.769,0.12,0.308,0.378,0.378,0.378,0.29,0.025,0.173,0.247,0.148,0.204,1.538,2.61,0.921,2.303,3.071,3.838,2.457,1
Positive_182,3.683,4.972,2.394,4.788,7.182,4.788,10.129,2.779,3.751,1.806,0.271,0.74,0.14,0.32,0.394,0.37,0.374,0.238,0.026,0.203,0.199,0.153,0.173,0.737,2.574,1.239,2.478,3.718,2.478,5.243,1
Negative_96,1.166,2.041,2.915,2.041,0.875,5.248,8.746,0.669,1.171,1.672,0.239,0.878,0.055,0.347,0.397,0.431,0.391,0.184,0.012,0.094,0.167,0.137,0.143,1.166,1.114,1.591,1.114,0.478,2.864,4.773,0
Positive_152,3.587,6.054,1.794,8.969,9.417,3.363,6.278,2.938,4.958,1.469,0.2,0.715,0.148,0.249,0.327,0.439,0.294,0.303,0.031,0.225,0.267,0.178,0.231,0.448,3.074,0.911,4.554,4.782,1.708,3.188,1
Positive_185,6.047,5.581,2.791,3.256,5.581,6.047,6.512,3.791,3.499,1.75,0.256,0.753,0.13,0.274,0.358,0.386,0.321,0.271,0.033,0.154,0.252,0.206,0.22,3.256,2.935,1.468,1.712,2.935,3.18,3.424,1
Negative_134,1.523,2.538,3.046,5.584,4.061,7.614,7.107,0.921,1.535,1.843,0.294,0.848,0.081,0.36,0.416,0.386,0.421,0.173,0.01,0.153,0.189,0.173,0.133,1.523,1.452,1.743,3.195,2.324,4.356,4.066,0
Negative_105,6.422,6.422,2.752,10.092,3.67,6.422,9.174,2.368,2.368,1.015,0.275,0.807,0.11,0.339,0.431,0.349,0.394,0.185,0.009,0.139,0.148,0.139,0.083,2.752,3.489,1.495,5.483,1.994,3.489,4.984,0
Positive_20,2.907,6.977,2.907,5.233,7.558,5.233,2.326,1.716,4.119,1.716,0.238,0.674,0.151,0.203,0.302,0.36,0.291,0.275,0.076,0.205,0.292,0.24,0.222,1.163,3.349,1.395,2.512,3.628,2.512,1.117,1
Positive_97,3.306,5.785,1.653,1.653,8.678,2.479,7.025,3.592,6.285,1.796,0.182,0.707,0.14,0.281,0.355,0.368,0.322,0.336,0.041,0.199,0.266,0.187,0.241,1.24,2.74,0.783,0.783,4.11,1.174,3.327,1
Negative_82,2.703,7.207,0.0,4.505,2.703,9.91,7.207,1.341,3.575,0.0,0.234,0.703,0.225,0.36,0.432,0.441,0.36,0.3,0.027,0.336,0.173,0.118,0.173,2.703,3.932,0.0,2.458,1.475,5.407,3.932,0
Positive_176,2.381,6.122,0.34,7.143,9.864,3.401,2.041,2.018,5.188,0.288,0.156,0.704,0.16,0.299,0.364,0.418,0.32,0.355,0.038,0.225,0.242,0.184,0.232,1.02,3.069,0.17,3.581,4.945,1.705,1.023,1
Positive_73,4.965,5.944,2.448,5.175,5.594,4.545,7.413,4.691,5.615,2.313,0.246,0.77,0.12,0.291,0.375,0.39,0.351,0.281,0.028,0.176,0.265,0.177,0.219,0.21,3.051,1.256,2.656,2.871,2.333,3.805,1
Negative_133,0.595,1.984,2.778,3.77,2.579,7.937,8.532,0.282,0.942,1.318,0.306,0.885,0.046,0.425,0.472,0.315,0.478,0.137,0.014,0.066,0.109,0.139,0.097,0.794,1.124,1.574,2.136,1.461,4.496,4.833,0
Negative_21,2.158,2.878,4.317,3.597,7.914,7.914,10.791,1.95,2.601,3.901,0.302,0.763,0.094,0.367,0.439,0.309,0.396,0.225,0.029,0.145,0.159,0.152,0.152,2.878,1.452,2.178,1.815,3.992,3.992,5.444,0
Negative_223,2.781,4.474,4.232,3.99,4.111,4.353,9.915,2.256,3.63,3.434,0.264,0.815,0.088,0.36,0.447,0.335,0.411,0.245,0.021,0.14,0.199,0.151,0.171,0.242,2.348,2.221,2.094,2.157,2.284,5.203,0
Negative_63,3.183,4.775,3.714,2.918,3.979,7.56,6.631,2.781,4.172,3.245,0.231,0.737,0.142,0.324,0.408,0.375,0.361,0.27,0.039,0.198,0.22,0.158,0.189,0.398,2.388,1.857,1.459,1.99,3.781,3.316,0
Positive_71,3.55,6.114,1.381,4.734,12.426,4.339,8.383,2.409,4.149,0.937,0.244,0.708,0.135,0.305,0.38,0.346,0.355,0.308,0.041,0.192,0.268,0.192,0.233,0.296,3.128,0.707,2.422,6.358,2.22,4.289,1
Positive_72,2.985,6.866,1.194,5.97,2.09,5.075,5.373,2.77,6.372,1.108,0.23,0.812,0.107,0.436,0.516,0.299,0.466,0.257,0.009,0.183,0.171,0.105,0.159,0.896,3.564,0.62,3.099,1.085,2.634,2.789,1
Negative_212,1.404,3.371,1.685,2.528,2.247,8.427,5.337,1.751,4.203,2.101,0.247,0.817,0.073,0.424,0.475,0.306,0.472,0.27,0.011,0.13,0.203,0.132,0.175,1.685,1.649,0.824,1.237,1.099,4.122,2.611,0
Positive_128,5.521,4.908,1.227,3.374,3.988,8.282,6.135,5.706,5.073,1.268,0.279,0.788,0.138,0.383,0.445,0.353,0.426,0.283,0.025,0.212,0.206,0.138,0.175,0.613,2.606,0.652,1.792,2.118,4.398,3.258,1
Negative_72,2.378,4.491,3.17,3.435,5.02,6.737,7.266,1.996,3.769,2.661,0.236,0.742,0.129,0.343,0.42,0.341,0.386,0.278,0.037,0.172,0.205,0.165,0.175,0.396,2.186,1.543,1.672,2.444,3.279,3.537,0
Negative_61,2.4,4.4,3.6,4.4,7.6,4.4,8.4,2.778,5.093,4.167,0.32,0.772,0.12,0.312,0.392,0.328,0.384,0.253,0.016,0.185,0.253,0.189,0.209,1.6,2.338,1.913,2.338,4.039,2.338,4.464,0
Negative_55,0.98,5.392,2.941,0.98,3.431,12.745,6.863,1.053,5.795,3.161,0.26,0.755,0.127,0.461,0.544,0.27,0.471,0.236,0.015,0.192,0.143,0.084,0.143,1.471,2.641,1.441,0.48,1.681,6.243,3.362,0
Negative_152,1.493,5.97,2.985,2.985,4.478,7.463,5.97,1.146,4.582,2.291,0.254,0.687,0.149,0.403,0.493,0.269,0.433,0.212,0.045,0.197,0.091,0.167,0.061,5.97,2.834,1.417,1.417,2.125,3.542,2.834,0
Negative_7,4.333,6.0,5.333,5.333,6.333,5.0,8.0,4.267,5.908,5.252,0.243,0.76,0.117,0.267,0.38,0.37,0.307,0.271,0.033,0.161,0.278,0.171,0.237,1.0,3.005,2.671,2.671,3.171,2.504,4.006,0
Positive_5,3.469,5.102,2.653,3.469,7.143,4.694,7.347,3.09,4.545,2.363,0.259,0.731,0.141,0.288,0.365,0.357,0.351,0.245,0.033,0.196,0.241,0.172,0.204,0.408,2.543,1.322,1.729,3.56,2.339,3.661,1
Positive_77,5.567,4.069,1.499,4.711,5.139,4.069,5.996,5.487,4.011,1.478,0.233,0.792,0.111,0.349,0.405,0.385,0.39,0.26,0.024,0.17,0.227,0.191,0.197,0.428,2.146,0.791,2.485,2.711,2.146,3.163,1
Negative_86,1.875,2.292,3.125,3.75,1.667,6.042,6.875,0.912,1.115,1.52,0.277,0.885,0.05,0.379,0.433,0.34,0.45,0.142,0.017,0.079,0.132,0.138,0.092,0.625,1.265,1.725,2.07,0.92,3.335,3.795,0
Positive_66,1.522,4.783,2.826,3.913,5.217,7.826,8.913,1.025,3.221,1.903,0.257,0.748,0.124,0.354,0.43,0.341,0.385,0.272,0.024,0.187,0.231,0.131,0.207,0.87,2.446,1.445,2.001,2.668,4.002,4.558,1
Negative_66,2.222,4.444,1.481,0.741,6.667,9.259,9.63,0.893,1.787,0.595,0.3,0.685,0.156,0.4,0.459,0.278,0.456,0.212,0.037,0.216,0.156,0.167,0.115,1.111,2.239,0.746,0.373,3.359,4.664,4.851,0
Negative_50,3.478,0.87,2.609,7.826,3.478,8.696,6.957,3.1,0.775,2.325,0.243,0.757,0.165,0.374,0.409,0.435,0.409,0.325,0.035,0.281,0.263,0.149,0.237,3.478,0.447,1.341,4.024,1.788,4.471,3.577,0
Positive_215,8.415,6.654,2.153,5.479,4.501,4.501,6.262,9.947,7.865,2.545,0.235,0.796,0.104,0.305,0.393,0.329,0.368,0.302,0.022,0.167,0.267,0.19,0.22,0.978,3.24,1.048,2.668,2.192,2.192,3.05,1
Positive_184,4.026,6.494,2.338,3.117,5.325,4.545,4.545,2.43,3.92,1.411,0.245,0.714,0.184,0.287,0.375,0.395,0.345,0.274,0.035,0.243,0.238,0.164,0.191,0.26,3.403,1.225,1.633,2.79,2.381,2.381,1
Negative_19,1.951,3.415,1.951,1.707,2.439,8.537,8.293,1.296,2.268,1.296,0.276,0.8,0.093,0.346,0.4,0.38,0.378,0.232,0.022,0.137,0.186,0.169,0.164,0.488,1.767,1.01,0.883,1.262,4.418,4.292,0
Negative_48,5.882,3.294,3.529,4.471,4.471,8.471,7.765,7.032,3.938,4.219,0.306,0.802,0.101,0.32,0.388,0.369,0.386,0.267,0.014,0.165,0.259,0.163,0.222,0.941,1.717,1.839,2.33,2.33,4.415,4.047,0
Negative_5,2.708,6.458,2.083,4.792,7.917,3.333,8.125,2.855,6.809,2.196,0.237,0.723,0.135,0.229,0.315,0.406,0.296,0.29,0.048,0.203,0.299,0.207,0.24,0.833,3.182,1.026,2.361,3.901,1.642,4.004,0
Positive_110,1.471,6.863,0.98,3.431,1.961,5.392,3.922,1.535,7.16,1.022,0.199,0.784,0.113,0.4,0.478,0.341,0.434,0.295,0.02,0.177,0.179,0.113,0.16,0.735,3.379,0.483,1.689,0.966,2.655,1.931,1
Positive_42,2.649,8.278,1.325,4.305,5.629,4.305,5.298,3.254,10.17,1.628,0.268,0.732,0.156,0.298,0.394,0.315,0.377,0.302,0.043,0.223,0.282,0.153,0.219,1.325,4.002,0.641,2.081,2.721,2.081,2.561,1
Positive_1,3.683,3.499,1.197,6.446,5.709,4.88,5.801,2.655,2.523,0.863,0.251,0.846,0.075,0.397,0.444,0.361,0.444,0.221,0.016,0.126,0.179,0.133,0.154,0.276,1.95,0.667,3.592,3.181,2.719,3.232,1
Negative_177,4.331,4.724,1.181,1.181,5.118,9.843,11.024,2.097,2.288,0.572,0.335,0.752,0.122,0.425,0.484,0.264,0.48,0.182,0.032,0.186,0.158,0.146,0.123,1.181,2.484,0.621,0.621,2.691,5.175,5.796,0
Negative_230,0.254,4.061,2.03,1.777,2.284,10.406,7.107,0.174,2.778,1.389,0.239,0.744,0.119,0.421,0.482,0.327,0.431,0.272,0.046,0.183,0.16,0.148,0.153,2.03,2.002,1.001,0.876,1.126,5.129,3.503,0
Negative_165,0.737,3.686,2.211,2.948,3.686,6.88,8.6,0.653,3.268,1.96,0.273,0.769,0.13,0.324,0.383,0.405,0.373,0.236,0.042,0.155,0.202,0.155,0.175,0.737,1.901,1.14,1.521,1.901,3.549,4.436,0
Negative_167,1.466,5.572,1.173,1.466,1.76,19.355,6.158,0.876,3.33,0.701,0.328,0.774,0.091,0.499,0.566,0.249,0.516,0.203,0.038,0.121,0.121,0.076,0.106,0.587,2.866,0.603,0.754,0.905,9.954,3.167,0
Negative_139,2.415,2.899,1.449,3.865,6.763,8.213,10.628,1.516,1.82,0.91,0.343,0.758,0.087,0.42,0.464,0.275,0.478,0.204,0.019,0.131,0.136,0.107,0.112,1.932,1.487,0.743,1.982,3.468,4.212,5.451,0
Negative_37,1.794,2.242,4.484,0.448,6.278,9.417,5.83,1.355,1.693,3.387,0.283,0.789,0.085,0.399,0.466,0.291,0.435,0.275,0.014,0.131,0.185,0.126,0.153,1.794,1.165,2.329,0.233,3.261,4.892,3.029,0
Negative_181,2.426,3.813,2.08,2.773,7.106,7.626,12.825,1.535,2.413,1.316,0.326,0.763,0.102,0.409,0.468,0.295,0.452,0.229,0.035,0.149,0.177,0.148,0.146,0.347,2.028,1.106,1.475,3.78,4.057,6.822,0
Negative_120,3.25,3.875,1.875,1.625,5.375,7.875,9.875,2.093,2.495,1.207,0.324,0.78,0.096,0.411,0.469,0.271,0.484,0.238,0.03,0.148,0.183,0.143,0.15,0.5,2.007,0.971,0.842,2.784,4.079,5.116,0
Positive_203,4.827,6.484,1.441,4.755,10.375,3.53,6.124,2.524,3.39,0.753,0.211,0.664,0.177,0.231,0.311,0.424,0.274,0.312,0.061,0.245,0.296,0.229,0.261,0.288,3.302,0.734,2.422,5.284,1.798,3.119,1
Positive_104,3.072,7.167,0.0,6.143,8.191,3.072,5.119,3.254,7.592,0.0,0.184,0.683,0.154,0.229,0.3,0.389,0.283,0.366,0.048,0.219,0.318,0.233,0.277,0.683,3.264,0.0,2.797,3.73,1.399,2.331,1
Positive_116,5.818,7.39,0.943,5.189,2.673,4.717,5.189,5.415,6.878,0.878,0.244,0.8,0.115,0.297,0.381,0.362,0.371,0.255,0.019,0.176,0.239,0.213,0.2,0.314,3.707,0.473,2.603,1.341,2.366,2.603,1
Negative_47,0.992,5.289,6.446,1.488,6.777,10.579,5.95,0.465,2.481,3.023,0.253,0.719,0.111,0.385,0.502,0.253,0.412,0.222,0.026,0.146,0.172,0.121,0.164,0.496,2.641,3.218,0.743,3.383,5.282,2.971,0
Negative_194,1.22,2.439,3.049,1.22,0.61,8.537,10.366,0.9,1.799,2.249,0.305,0.829,0.098,0.366,0.421,0.421,0.415,0.178,0.0,0.135,0.153,0.141,0.123,1.22,1.333,1.667,0.667,0.333,4.667,5.666,0
Negative_0,2.594,1.153,0.0,6.628,2.594,5.764,5.187,1.554,0.691,0.0,0.251,0.879,0.058,0.383,0.395,0.473,0.412,0.324,0.014,0.078,0.188,0.107,0.168,0.576,0.683,0.0,3.927,1.537,3.415,3.073,0
Positive_146,6.322,3.448,0.0,5.747,6.897,4.023,5.747,6.913,3.77,0.0,0.218,0.787,0.109,0.31,0.345,0.437,0.362,0.306,0.012,0.197,0.26,0.179,0.22,1.149,1.801,0.0,3.002,3.603,2.102,3.002,1
Negative_174,1.462,4.094,2.632,0.877,3.216,18.713,7.31,1.244,3.483,2.239,0.345,0.822,0.091,0.477,0.544,0.266,0.52,0.194,0.021,0.141,0.132,0.12,0.109,1.754,2.253,1.448,0.483,1.77,10.296,4.022,0
Negative_4,1.778,3.259,3.556,2.37,5.63,7.704,8.889,1.671,3.063,3.342,0.286,0.778,0.09,0.394,0.462,0.298,0.447,0.245,0.016,0.147,0.178,0.144,0.153,0.296,1.639,1.789,1.192,2.832,3.875,4.471,0
Positive_29,3.808,4.967,1.821,5.96,5.464,5.795,3.974,4.3,5.609,2.056,0.243,0.786,0.104,0.32,0.387,0.363,0.386,0.24,0.036,0.139,0.209,0.182,0.164,0.828,2.512,0.921,3.014,2.763,2.93,2.01,1
Negative_172,1.351,6.081,3.041,4.392,5.068,5.743,7.095,1.997,8.989,4.495,0.236,0.75,0.128,0.318,0.409,0.365,0.348,0.278,0.027,0.183,0.275,0.166,0.244,2.027,3.006,1.503,2.171,2.505,2.839,3.507,0
Positive_157,1.795,3.59,2.051,2.564,6.154,9.744,7.436,1.154,2.308,1.319,0.246,0.726,0.108,0.359,0.415,0.318,0.395,0.306,0.028,0.162,0.216,0.136,0.19,0.513,1.706,0.975,1.219,2.925,4.631,3.534,1
Positive_131,7.347,4.49,3.673,8.163,15.102,2.449,9.388,5.487,3.353,2.743,0.237,0.694,0.106,0.265,0.347,0.306,0.331,0.344,0.049,0.148,0.299,0.225,0.27,2.041,2.176,1.78,3.957,7.321,1.187,4.551,1
Negative_193,2.293,3.387,2.272,2.988,3.64,6.733,7.848,1.958,2.892,1.94,0.262,0.803,0.105,0.313,0.37,0.415,0.369,0.252,0.021,0.157,0.238,0.181,0.192,0.042,1.783,1.196,1.573,1.916,3.545,4.132,0
Negative_46,4.651,2.326,0.581,6.977,4.07,5.233,10.465,5.61,2.806,0.701,0.326,0.802,0.099,0.337,0.366,0.407,0.395,0.222,0.018,0.181,0.205,0.175,0.187,1.744,1.188,0.297,3.563,2.078,2.672,5.344,0
Negative_211,2.459,3.279,3.689,5.328,2.459,4.508,7.787,2.069,2.759,3.104,0.262,0.836,0.094,0.385,0.455,0.361,0.434,0.259,0.012,0.16,0.198,0.099,0.156,1.639,1.759,1.979,2.858,1.319,2.418,4.178,0
Negative_70,2.92,2.92,2.92,6.569,5.839,3.65,5.109,2.885,2.885,2.885,0.241,0.737,0.131,0.27,0.328,0.416,0.336,0.294,0.051,0.184,0.257,0.243,0.221,2.19,1.443,1.443,3.246,2.885,1.804,2.525,0
Positive_37,4.882,5.051,2.189,5.556,7.071,3.872,6.229,4.502,4.657,2.018,0.246,0.766,0.116,0.303,0.375,0.355,0.359,0.283,0.037,0.182,0.25,0.189,0.216,1.01,2.548,1.104,2.803,3.567,1.953,3.142,1
Negative_89,6.933,2.521,0.84,2.101,3.571,5.462,14.076,6.141,2.233,0.744,0.275,0.868,0.067,0.538,0.571,0.267,0.576,0.248,0.008,0.109,0.114,0.105,0.101,0.84,1.414,0.471,1.178,2.002,3.063,7.893,0
Negative_187,0.457,1.37,2.74,3.196,0.457,4.11,10.959,0.242,0.726,1.453,0.26,0.909,0.041,0.452,0.493,0.37,0.489,0.124,0.0,0.083,0.092,0.083,0.078,1.37,0.801,1.602,1.869,0.267,2.403,6.407,0
Negative_14,2.645,4.959,1.157,2.81,2.314,8.264,9.917,1.418,2.659,0.62,0.286,0.764,0.179,0.392,0.453,0.407,0.426,0.202,0.022,0.207,0.166,0.104,0.142,0.661,2.806,0.655,1.59,1.309,4.676,5.611,0
Positive_223,2.682,8.812,2.299,3.831,4.598,6.513,8.046,2.721,8.942,2.333,0.23,0.743,0.142,0.291,0.402,0.36,0.345,0.285,0.027,0.212,0.223,0.165,0.185,2.299,4.37,1.14,1.9,2.28,3.23,3.99,1
Positive_212,1.767,8.127,0.707,2.827,1.767,6.36,3.18,2.287,10.52,0.915,0.247,0.777,0.124,0.371,0.459,0.329,0.424,0.294,0.028,0.191,0.238,0.149,0.213,1.06,3.963,0.345,1.378,0.862,3.101,1.551,1
Negative_225,1.98,4.95,0.99,0.99,2.97,9.901,5.941,1.212,3.031,0.606,0.238,0.752,0.149,0.356,0.416,0.347,0.406,0.19,0.01,0.17,0.12,0.12,0.11,1.98,2.44,0.488,0.488,1.464,4.881,2.929,0
Positive_190,4.95,9.901,1.98,5.941,11.881,2.97,8.911,3.842,7.684,1.537,0.277,0.693,0.158,0.287,0.406,0.277,0.347,0.18,0.1,0.18,0.2,0.18,0.15,2.97,5.056,1.011,3.034,6.067,1.517,4.55,1
Positive_107,6.861,5.718,1.779,7.751,8.259,3.939,7.116,6.994,5.829,1.813,0.22,0.75,0.13,0.292,0.367,0.388,0.346,0.312,0.034,0.195,0.249,0.182,0.21,0.254,2.902,0.903,3.934,4.192,1.999,3.612,1
Positive_75,3.718,4.48,0.191,6.864,4.099,4.29,5.91,2.376,2.864,0.122,0.242,0.83,0.092,0.351,0.398,0.389,0.387,0.246,0.02,0.146,0.188,0.162,0.17,0.191,2.42,0.103,3.708,2.215,2.318,3.193,1
Positive_2,3.704,2.778,0.926,0.0,8.333,10.185,11.111,2.395,1.796,0.599,0.352,0.778,0.083,0.407,0.444,0.296,0.463,0.262,0.019,0.15,0.178,0.103,0.159,3.704,1.52,0.507,0.0,4.559,5.572,6.078,1
Positive_198,4.587,5.275,0.917,4.817,4.587,6.193,8.716,5.604,6.445,1.12,0.291,0.78,0.103,0.319,0.381,0.344,0.394,0.297,0.03,0.159,0.26,0.189,0.223,0.688,2.623,0.456,2.395,2.281,3.08,4.334,1
Negative_1,5.988,2.994,2.395,3.892,9.581,12.275,11.976,5.725,2.862,2.29,0.371,0.811,0.057,0.419,0.473,0.251,0.473,0.165,0.015,0.093,0.147,0.126,0.105,0.898,1.613,1.29,2.097,5.162,6.614,6.452,0
Negative_108,3.057,3.876,4.421,1.419,3.493,7.697,8.952,1.782,2.259,2.577,0.311,0.757,0.126,0.392,0.475,0.287,0.472,0.238,0.027,0.177,0.167,0.125,0.129,0.109,2.025,2.31,0.741,1.825,4.021,4.677,0
Negative_114,2.158,4.317,1.439,2.878,10.072,7.914,12.23,0.891,1.783,0.594,0.338,0.691,0.137,0.388,0.446,0.288,0.453,0.152,0.065,0.159,0.116,0.181,0.087,1.439,2.263,0.754,1.509,5.279,4.148,6.41,0
Positive_208,4.783,6.957,1.739,5.652,7.391,5.0,6.957,4.059,5.903,1.476,0.261,0.75,0.141,0.298,0.385,0.38,0.346,0.277,0.031,0.205,0.251,0.163,0.22,0.435,3.661,0.915,2.975,3.89,2.631,3.661,1
Negative_144,6.426,4.418,3.079,3.213,5.489,3.748,12.316,7.062,4.855,3.384,0.3,0.791,0.086,0.351,0.426,0.336,0.404,0.235,0.021,0.126,0.205,0.172,0.173,0.268,2.265,1.579,1.648,2.815,1.922,6.315,0
Negative_151,4.359,2.051,6.667,3.59,9.231,3.333,7.179,4.045,1.903,6.187,0.321,0.746,0.118,0.295,0.382,0.287,0.421,0.296,0.039,0.183,0.293,0.231,0.201,0.769,1.061,3.45,1.858,4.776,1.725,3.714,0
Positive_220,2.655,4.204,1.327,5.088,6.637,5.31,2.655,2.793,4.423,1.396,0.228,0.748,0.126,0.325,0.381,0.383,0.381,0.29,0.038,0.175,0.215,0.171,0.184,1.327,2.098,0.662,2.539,3.312,2.65,1.325,1
Positive_57,6.615,4.28,0.778,5.837,10.117,1.946,6.226,7.346,4.753,0.864,0.222,0.774,0.105,0.3,0.35,0.436,0.346,0.297,0.035,0.152,0.246,0.18,0.219,1.556,2.248,0.409,3.065,5.313,1.022,3.27,1
Positive_179,4.923,7.692,0.308,4.308,5.231,3.077,7.077,5.274,8.24,0.33,0.258,0.742,0.157,0.289,0.369,0.366,0.357,0.269,0.031,0.204,0.235,0.191,0.194,0.615,3.786,0.152,2.12,2.575,1.514,3.483,1
Positive_4,3.456,4.968,1.404,7.019,6.048,5.184,6.263,3.434,4.936,1.395,0.269,0.781,0.117,0.322,0.386,0.376,0.393,0.249,0.031,0.183,0.218,0.165,0.177,0.216,2.567,0.726,3.627,3.125,2.679,3.236,1
Positive_8,3.226,4.839,4.839,4.032,4.839,3.226,2.419,3.146,4.719,4.719,0.21,0.75,0.113,0.315,0.411,0.323,0.387,0.301,0.049,0.163,0.252,0.179,0.228,6.452,2.336,2.336,1.946,2.336,1.557,1.168,1
